1.9532,1020.1,84.985,2.5304,20.116,1048.7,544.92,116.27,10.799,7.4491,113.25
1.2191,1020.1,87.523,2.3937,18.584,1045.5,548.5,109.18,10.347,6.4684,112.02
0.94915,1022.2,78.335,2.7789,22.264,1068.8,549.95,125.88,11.256,3.6335,88.147
1.0075,1021.7,76.942,2.817,23.358,1075.2,549.63,132.21,11.702,3.1972,87.078
1.2858,1021.6,76.732,2.8377,23.483,1076.2,549.68,133.58,11.737,2.3833,82.515
1.8319,1021.7,76.411,2.841,23.495,1076.4,549.92,133.58,11.829,2.0812,81.193
2.074,1022,75.974,2.7981,22.945,1073.7,549.98,131.53,11.687,2.2529,83.171
1.7824,1022.6,73.535,2.8327,23.337,1075.7,550.01,133.18,11.745,3.735,85.749
1.593,1023.2,72.873,2.8729,23.654,1078.5,550.06,135.38,11.772,3.6398,86.491
1.6819,1023.8,72.441,2.9058,23.463,1077.9,550.12,134.86,11.742,3.5866,86.328
1.9002,1024.5,71.376,2.9126,23.562,1078.2,550.12,134.98,11.77,3.5605,84.117
1.7797,1025.1,68.528,2.8725,23.276,1077,550.03,134.21,11.782,3.6902,85.317
1.1722,1025.3,65.626,2.85,23.215,1077.3,550.09,134.44,11.873,3.1766,86.431
0.72327,1025.4,64.393,2.8395,23.101,1076.2,550.15,133.82,11.797,2.562,84.708
0.48348,1025.8,64.144,2.8746,23.299,1078.2,549.96,135.36,11.897,2.1854,84.104
0.42953,1025.9,64.504,2.866,23.069,1077,549.73,134.47,11.805,2.4286,83.869
0.48238,1026.1,63.519,2.5481,20.185,1037.1,535.4,115.92,10.86,12.659,118.27
0.059447,1026,52.124,2.4651,18.478,1048.4,548.78,111.2,10.384,4.6896,104.56
-0.21598,1026.7,51.978,2.5301,19.438,1050.4,546.71,115.46,10.767,7.0983,116.96
0.0167,1026.8,54.805,3.3399,27.408,1085.6,540.72,148.05,12.79,3.8632,75.64
0.68481,1026.7,56.029,4.0703,34.213,1100,527.71,168.83,14.358,2.979,59.354
1.9995,1026.3,54,3.983,34.171,1100.1,530.64,166.13,14.182,2.5793,59.432
3.1663,1025.7,51.35,4.0683,35.162,1099.8,528.21,167.49,14.384,2.2228,58.432
3.6486,1025.3,51.649,4.0375,35.282,1100,530.04,165.89,14.257,2.2119,60.172
3.9207,1025.2,49.619,4.0455,34.648,1099.9,529.73,166,14.253,2.3487,60.255
3.9193,1025.1,51.181,4.04,33.944,1100,529.56,166.46,14.283,2.3095,59.778
3.0965,1024.8,55.35,4.075,33.873,1099.8,528.24,167.79,14.342,2.345,60.011
1.7596,1024.7,63.278,3.9926,33.249,1100,529.91,167.49,14.195,2.5317,60.746
0.93867,1024.8,65.617,4.0298,33.488,1100.1,528.95,168.31,14.312,2.6109,60.902
0.50713,1024.6,66.254,4.0629,33.794,1100,528.12,169.09,14.401,2.5376,60.859
0.15533,1024.3,66.477,2.9394,24.671,1076.2,548.33,135.72,11.824,3.8333,85.056
0.052442,1024,64.823,2.7916,23.298,1070.9,550.23,130.43,11.546,3.6518,86.895
-0.0821,1023.7,64.949,2.872,23.898,1075.4,550.21,133.77,11.737,3.7902,85.485
-0.51781,1023.3,69.287,2.867,23.692,1075.1,550.34,133.77,11.734,3.3021,85.342
-0.9986,1022.8,70.71,2.9023,23.462,1075.1,550.3,133.03,11.71,1.8773,84.164
-1.0841,1022.3,70.733,2.828,22.604,1071.9,550.31,130.41,11.526,1.7751,83.696
-1.1782,1022.1,71.123,2.5283,19.552,1034.3,536.35,112.69,10.667,3.4947,110.99
-0.76101,1021.7,67.056,2.508,19.129,1052,549.65,114.36,10.613,4.819,91.878
0.087578,1021.7,65.819,2.6304,20.108,1056.6,549.4,118.3,10.877,4.5298,89.741
1.4518,1021.5,61.996,3.0252,25.074,1077.7,549.91,133.43,11.856,1.3132,83.181
2.4984,1021.4,63.047,4.1293,34.459,1099.8,527.35,168.09,14.409,0.47544,60.106
3.3266,1021.7,66.119,4.0339,33.462,1100,530.37,166.2,14.227,0.87606,61.945
4.2115,1021.5,61.488,4.0265,33.495,1100,530.83,165.35,14.152,2.7161,63.731
5.1391,1021.5,59.337,3.9638,32.723,1100.1,532.72,163.96,14.061,3.0923,64.865
5.0453,1021.6,57.228,4.0197,33.137,1100,531.09,165.03,14.126,3.0077,64.007
4.6618,1021.6,60.676,4.0345,33.256,1099.9,530.44,165.57,14.136,2.6836,61.714
4.4074,1021.9,60.947,4.0935,33.836,1100,528.77,166.83,14.263,2.7014,60.213
4.281,1021.9,60.558,4.0705,33.955,1099.9,529.29,166.51,14.219,2.6258,60.981
3.7958,1021.8,60.91,4.0723,33.994,1099.9,529.04,167.29,14.306,2.6703,61.507
3.3547,1021.6,62.1,4.0714,33.827,1099.9,529.08,167.18,14.293,2.6669,61.46
2.8923,1021.1,66.424,4.0722,33.914,1100,528.86,167.9,14.294,2.6077,61.358
2.0483,1021.1,71.357,4.1103,34.151,1099.9,527.93,168.68,14.372,2.6023,60.548
1.83,1020.5,73.273,3.5265,29.696,1087.6,538.34,151.67,13.083,3.6218,72.238
1.8904,1019.7,74.198,2.9362,25.038,1077.7,549.88,135.3,11.812,3.7212,81.982
1.917,1018.8,74.153,2.6924,23.067,1058.9,547.08,123.17,11.131,6.1854,86.897
1.9133,1017.8,74.163,2.6152,21.753,1055.2,549.48,116.74,10.778,6.637,101.12
1.7046,1017.3,75.115,2.5992,20.61,1053.4,550.29,114.28,10.687,5.4031,83.034
1.3545,1016.5,75.283,2.5712,20.164,1053.4,549.79,114.41,10.554,4.4993,81.069
0.97337,1015.4,76.16,2.5844,19.853,1053.2,549.65,114.35,10.624,4.8751,81.231
1.0745,1014.4,77.225,2.5986,19.954,1053.7,549.66,114.69,10.749,4.9219,82.157
1.5034,1013.5,76.696,2.5787,20.342,1054,549.66,114.77,10.747,5.0782,84.12
1.8859,1012.5,76.903,2.5678,20.181,1055.2,550.19,115.83,10.656,5.0031,83.635
4.7414,1011.4,85.328,2.6405,21.901,1052.4,549.63,113.76,10.519,4.8359,77.263
8.4217,1010.3,74.105,2.6344,22.02,1051.8,549.77,113.69,10.495,5.0404,76.802
9.716,1009.5,70.263,2.886,24.746,1064.6,549.71,123.08,11.222,4.1312,73.564
10.74,1008.8,68.654,3.1704,27.375,1079.5,549.77,134.06,11.809,2.9333,69.379
11.415,1007.9,66.927,3.1611,26.64,1078.3,549.86,133.05,11.874,3.3732,69.477
11.766,1007.1,67.464,3.13,26.477,1078.3,549.95,133.22,11.916,3.47,69.652
11.353,1006.9,72.516,3.0802,26.554,1076.3,550.04,131.77,11.838,3.5554,69.506
10.692,1006.9,78.953,3.1014,25.786,1077.9,550.13,133.23,11.747,3.5066,68.439
9.9885,1006.9,85.275,3.0723,24.405,1078,550.2,133.53,11.71,3.5051,68.718
9.2895,1007.2,84.281,3.0692,24.161,1077.8,550.26,133.78,11.75,3.468,68.869
8.3505,1008,80.518,2.943,23.742,1077.1,550.32,133.43,11.723,3.6109,71.454
7.5733,1009,71.839,2.9088,23.677,1076,550.17,132.51,11.76,3.5993,73.652
7.1961,1009.9,65.087,2.7265,22.157,1059.1,544.67,123.81,11.25,6.7175,95.788
6.2532,1011.3,66.841,2.5992,20.695,1058.3,550.3,119.29,10.942,4.5415,77.115
5.6855,1011.7,69.495,2.9821,23.819,1076.9,550.16,133.52,11.844,3.4706,75.806
5.5742,1011.9,67.438,2.7617,22.126,1063,547.48,125.04,11.311,5.2331,81.157
5.4146,1012.1,67.829,2.4292,19.099,1039.2,544.78,109.81,10.418,7.8197,87.056
4.913,1012.3,63.164,2.6541,21.101,1059.7,548.58,121.76,11.096,5.328,87.189
4.2385,1012.3,66.918,2.973,23.696,1077.6,550.05,133.93,11.796,3.6275,77.797
3.6407,1012.2,67.552,3.2381,26.106,1084.6,545.87,142.24,12.351,3.4647,75.028
2.9389,1012.4,72.17,4.0072,33.012,1100.1,532.02,164.89,14.125,2.7787,61.716
3.8495,1012.7,68.282,3.9494,32.48,1099.9,533.8,163.33,13.98,2.5636,63.627
4.9438,1012.6,64.037,3.9315,32.645,1100.1,532.94,163.77,14.015,2.8564,64.093
5.5877,1012.4,61.391,3.8774,31.869,1099.9,535.61,161.72,13.857,2.6062,65.783
5.9879,1012.1,62.305,3.9754,32.876,1099.9,533.43,163.04,13.977,3.0445,63.861
6.3757,1011.7,59.324,3.8344,32.126,1098.4,536.59,159.27,13.714,3.1449,66.59
7.0174,1011.5,52.002,2.9854,26.928,1078.1,549.88,134.24,11.783,3.6935,76.425
7.389,1011.7,50.07,3.0378,27.808,1080,550.03,135.86,11.891,3.399,75.146
6.6267,1012.2,53.331,2.9944,26.414,1077.4,550.11,134.04,11.707,4.0606,77.062
5.5087,1012.7,55.561,3.0092,24.334,1077.9,550.05,134.82,11.778,3.8777,77.474
4.5124,1012.8,54.963,2.9528,23.569,1078,550.07,135.01,11.748,3.4769,78.371
3.516,1012.5,56.067,2.9269,23.488,1077.4,550.24,134.79,11.706,3.4982,79.608
3.0703,1012.2,56.624,2.8886,23.229,1075.6,550.47,133.51,11.686,3.5572,80.176
2.6519,1011.5,60.79,2.8556,22.462,1071.6,550.42,130.61,11.588,3.6395,81.71
2.4406,1010.6,70.311,2.8438,22.815,1073.2,550.08,131.95,11.543,3.6706,80.28
2.3235,1010.1,68.905,2.8019,22.553,1071.5,550.05,130.58,11.53,3.7925,81.459
2.423,1009.3,65.865,2.4151,19.876,1039.8,542.87,112.71,10.508,8.8886,92.005
2.3053,1009.2,67.219,2.3944,18.847,1034.6,540.58,110.81,10.408,9.5457,90.895
1.8974,1009.1,78.196,2.3688,18.783,1033.3,540.37,110,10.231,9.8176,92.391
1.8232,1007.9,70.688,2.4262,18.629,1046.4,549.29,110.42,10.325,6.216,92.398
2.0207,1007.6,69.154,2.3872,18.038,1039.3,547.11,106.91,10.337,8.9255,119.68
2.0987,1007.8,67.308,2.4127,18.376,1045.4,549.52,109.57,10.352,6.7056,97.347
2.0555,1008,66.123,2.4296,18.603,1046.6,549.84,110.57,10.416,6.4282,93.426
1.8488,1008.4,65.453,3.6053,29.367,1086.4,536.74,150.97,13.128,4.0116,77.148
1.8404,1008.8,65.211,3.9715,33.054,1100.1,532.03,165.55,14.146,2.8588,64.153
2.1479,1009,63.952,4.007,33.468,1099.8,530.5,167.09,14.221,2.7916,64.562
2.8161,1009.2,59.68,3.9409,32.839,1100,532.45,165.62,14.084,2.741,65.623
3.4249,1009.4,54.908,3.9819,33.102,1100,531.82,165.63,14.12,2.7737,65.073
3.6133,1009.7,53.286,3.9276,32.717,1100,533.22,164.66,14.029,2.8627,65.905
3.6762,1010.2,50.595,3.9368,32.76,1099.8,532.97,164.7,14.053,2.8466,66.105
3.5235,1010.9,51.275,3.9472,32.597,1099.8,533.16,164.78,13.996,2.7573,65.393
2.077,1013.8,61.263,3.7562,34.128,1095.7,535.19,160.38,13.691,1.8823,67.769
1.7858,1014.2,62.448,2.3938,21.897,1023.4,532.8,108.94,10.485,14.022,103.86
1.5405,1015,64.41,2.3822,20.987,1023.4,532.94,108.96,10.489,13.836,104.95
1.2194,1015.8,64.414,2.3781,20.474,1023.8,533.03,109,10.514,13.932,106.59
0.71835,1016.4,65.821,2.5666,21.589,1048.4,541.82,120.19,11.008,9.4781,97.309
0.37115,1017.3,69.401,2.3863,19.884,1023.7,532.22,109.31,10.479,15.986,110.84
-0.48795,1018.9,70.67,2.3735,19.007,1034.7,540.45,110.1,10.398,11.289,116.03
-1.4042,1021.1,68.896,2.4012,18.991,1040.7,543.56,112.05,10.534,9.1157,106.53
-1.7088,1022.3,66.518,3.102,25.26,1083.6,547.21,142.16,12.296,4.1911,85.733
-2.2845,1023.4,65.756,3.3795,28.111,1099.8,547.09,155.12,13.069,2.8775,79.495
-3.0659,1024.4,62.778,3.7903,31.894,1099.8,534.48,164.78,13.885,2.8084,68.658
-3.3038,1025.4,59.547,3.5164,29.58,1100.2,542.49,159.23,13.375,2.8682,75.366
-3.2817,1026.4,56.04,3.3987,28.787,1099.8,544.99,157.71,13.209,3.2402,74.199
-3.289,1027.1,51.789,3.3043,28.014,1100,547.95,155.48,13.083,3.4726,85.367
-3.3057,1027.4,45.667,3.3313,28.114,1100,547.35,155.81,13.096,3.0517,84.334
-3.0785,1028,44.637,3.4759,29.183,1100,543.53,158.6,13.357,2.649,76.904
-3.0784,1028.6,44.247,3.6082,33.198,1100.1,538.48,162.4,13.635,2.1716,69.515
-3.2766,1029.3,47.798,4.0868,35.98,1099.9,524.67,172.55,14.631,2.7476,60.829
-3.6358,1030.2,49.327,4.0361,34.743,1099.9,525.95,172.01,14.548,2.5435,61.681
-4.0106,1031,53.134,4.1835,35.637,1099.9,521.7,175.01,14.752,1.5993,58.517
-4.3625,1031.8,55.276,4.1315,35.184,1100,523.18,174.34,14.73,1.5038,58.695
-4.7684,1032.2,55.069,4.1463,35.282,1100.1,522.67,174.88,14.705,1.8185,59.708
-5.0266,1032.5,55.087,4.1166,35.055,1100,523.12,174.63,14.75,2.4862,61.472
-4.938,1033.4,55.609,4.2813,36.573,1100,518.3,177.49,15.039,2.6486,59.26
-5.0675,1034.2,56.755,4.1073,34.732,1099.8,524.19,173.67,14.636,2.6749,62.076
-5.4155,1034.6,58.816,4.0521,34.179,1099.9,525.8,172.89,14.492,2.7617,63.743
-5.5667,1034.8,59.539,4.1451,35.162,1100,522.62,174.91,14.751,2.8223,62.329
-5.7711,1035.1,61.242,2.86,24.29,1079.1,550.39,137.78,11.936,3.703,90.537
-5.5819,1035.5,57.123,2.8607,23.679,1060.6,538.1,133.95,11.77,7.7312,81.922
-5.7349,1035.6,57.403,2.5069,20.538,1024.9,527.72,115.31,10.777,13.798,80.947
-5.785,1035.3,59.661,2.6439,21.697,1060.5,545.29,127.98,11.388,6.7421,87.814
-5.82,1035.6,60.358,2.7682,22.479,1074,549.98,133.81,11.548,4.051,86.339
-5.9793,1035.7,62.049,2.8478,23.209,1078.9,549.6,137.51,11.788,3.1689,80.263
-6.2348,1035.8,63.962,4.2868,36.2,1099.7,519.5,176.91,14.899,2.2209,53.308
-5.8189,1036.3,64.9,4.2722,36.002,1100,519.89,176.71,14.911,1.4626,55.001
-4.9653,1036.4,63.518,4.2771,36.035,1100,519.76,176.25,14.945,1.3533,54.915
-3.9215,1036.4,61.696,4.2341,35.562,1100,521.58,174.64,14.822,1.5254,57.459
-3.0217,1036.3,57.921,4.233,35.467,1099.9,522.06,173.94,14.762,3.1926,66.41
-2.2409,1035.7,54.374,4.2557,35.511,1100.1,522.11,173.47,14.724,4.0948,69.878
-1.4926,1035.3,52.331,4.2597,35.514,1100,522.48,172.91,14.758,3.2771,65.348
-1.0018,1035.4,50.034,4.2308,35.245,1100,523.35,172.16,14.64,2.6477,61.383
-1.051,1035.5,50.403,4.2712,35.582,1100,522.21,172.91,14.776,2.1929,59.289
-1.4086,1035.8,51.721,4.2906,35.677,1099.9,521.52,173.57,14.842,3.0832,61.519
-1.9402,1036,54.925,4.3121,35.893,1099.9,521.15,174.22,14.836,1.7114,57.337
-2.9167,1036.3,58.818,4.2604,35.636,1100.1,521.63,174.53,14.79,0.80254,56.37
-3.816,1036.5,62.975,4.251,35.872,1100.1,521.02,175.33,14.823,1.9354,58.808
-4.5333,1036.6,66.798,4.2332,35.473,1100,522.27,174.82,14.79,1.8807,58.676
-4.9758,1036.5,70.657,4.2498,35.593,1099.9,521.44,175.41,14.803,1.5928,57.449
-5.1355,1036.3,73.405,4.2088,35.153,1099.9,522.88,174.42,14.748,1.6498,58.026
-5.0905,1036.2,75.107,4.2942,36.067,1099.9,520,176.35,14.9,1.6027,55.634
-4.8432,1035.8,73.335,4.2099,35.408,1100,522.62,174.46,14.742,1.2684,56.305
-4.8908,1035.2,72.088,4.1929,35.186,1100.1,522.87,174.39,14.737,2.0439,58.512
-4.9279,1034.9,71.525,4.1793,35.044,1100,523.31,174.2,14.728,2.3491,60.118
-5.4839,1034.5,72.581,4.2569,35.86,1100,520.94,176.09,14.838,2.1367,58.693
-5.8956,1034.1,70.851,4.3541,36.533,1100,518.3,177.88,15.083,1.9988,56.206
-5.9031,1034,68.12,4.3749,36.844,1100,517.61,178.31,15.042,1.435,54.794
-5.8847,1033.6,66.92,4.2815,36.218,1100,520.24,176.55,14.891,1.2721,56.124
-6.0421,1033.3,68.008,4.4238,37.505,1099.9,516.04,179.5,15.159,1.5776,55.572
-5.6218,1033.2,66.772,4.3915,37.105,1099.9,517.72,177.91,15.029,1.6697,56.386
-4.5664,1032.8,69.383,4.185,35.072,1100.1,524.55,173.05,14.626,1.4528,59.496
-2.0146,1032.1,68.559,4.1822,35.012,1099.9,526.15,170.26,14.497,1.7187,50.349
1.0693,1031.1,63.791,4.1693,34.575,1100.1,529,167.5,14.33,2.3791,60.097
2.8271,1029.6,53.567,4.3085,35.693,1100,527.83,167.69,14.421,2.1031,59.758
3.7325,1028.6,50.971,4.2251,36.532,1099.9,529.49,166.54,14.282,2.1982,60.203
4.0266,1028.2,48.494,4.2348,37.063,1100,529.15,166.33,14.316,2.9551,60.615
4.2803,1027.6,53.882,4.2062,36.333,1100,530.01,166.05,14.292,2.3445,59.512
4.6765,1026.8,54.923,4.2029,36,1100,530.67,165.51,14.139,2.39,60.615
5.2881,1026.1,54.493,4.2264,36.752,1099.8,529.83,165.72,14.205,2.7047,61.063
5.4779,1025.5,60.777,4.1873,36.77,1100.1,531.57,164.35,14.129,2.4764,61.087
5.8393,1024.5,63.844,4.2338,36.052,1099.9,530.56,164.86,14.189,2.5136,59.902
6.257,1023.7,64.784,4.144,35.566,1100,532.78,163.45,14.069,2.5022,60.792
6.537,1022.8,63.733,4.1902,36.003,1099.9,531.87,163.87,14.099,2.448,60.209
6.9811,1021.8,68.687,4.1737,36.152,1100,533.69,162.52,13.981,2.4257,59.891
7.4258,1020.5,69.422,4.0499,34.88,1095,535.02,157.53,13.635,2.7196,63.038
13.669,1011,67.811,3.6958,30.535,1078.9,535.37,141.74,12.748,10.392,107.52
13.643,1010.4,67.515,4.1368,32.658,1100,536.64,157.91,13.72,2.8087,64.448
13.618,1009.9,64.808,4.1059,32.342,1100,538.21,156.79,13.715,2.9922,65.402
13.528,1009.6,63.893,4.0697,32.655,1099.8,537.56,157.16,13.705,3.079,64.745
13.488,1008.9,64.991,4.001,32.673,1100,539.37,155.94,13.643,3.1557,65.071
13.749,1008.4,64.892,4.0615,32.788,1100,538.88,156,13.626,3.1598,63.761
14.081,1008.2,62.75,3.9293,32.915,1100,541.28,154.08,13.481,2.4752,62.156
14.146,1008,64.817,3.704,32.393,1099.9,546.41,150.69,13.121,2.4229,63.643
14.216,1008.1,65.938,3.325,29.68,1086.5,550.01,138.8,12.27,2.9083,65.609
14.38,1008.2,63.991,3.2246,27.738,1080.4,549.83,134.05,11.883,3.5637,65.074
14.61,1008.2,62.448,3.289,27.655,1079,549.95,132.81,11.908,3.5939,65.259
15.011,1008.2,61.489,3.2334,27.99,1080.1,550.02,133.63,11.882,3.2819,64.079
14.64,1007.9,62.649,3.2322,27.131,1078.2,549.98,132.41,11.778,3.3437,65.043
14.512,1007.7,64.822,2.9854,25.468,1063.8,549.37,122.28,11.145,4.4783,68.596
13.599,1008.9,68.974,3.5532,29.798,1099.4,548.87,149.12,12.92,2.8175,65.709
8.2167,1010.8,74.124,3.6146,29.645,1098.7,544.02,154.29,13.185,3.5883,70.255
4.9518,1012.7,82.049,4.0049,33.078,1099.9,532.82,164.45,14.017,3.7464,62.831
3.9844,1014,84.932,4.0037,32.873,1100.1,533.35,164.25,14.046,3.1742,62.064
3.0685,1014.9,84.886,4.0566,32.779,1100,533.34,164.95,13.996,2.0356,62.21
2.0254,1015.6,87.684,4.0549,32.311,1100,534.58,164.44,13.904,2.2806,63.447
1.9239,1016.3,89.057,4.1119,31.925,1099.8,536.4,162.94,13.8,2.564,64.004
2.2551,1017.5,89.442,4.0573,32.463,1100.1,536.31,162.83,13.796,2.1694,61.234
2.6769,1018.9,88.698,3.9741,32.565,1099.9,535.38,163.17,13.853,2.1199,60.315
2.8829,1019.7,87.928,3.9885,32.756,1099.9,534.44,163.77,13.86,2.51,60.231
2.915,1020.7,87.456,3.9472,32.336,1099.9,535.93,162.7,13.799,2.9081,61.026
2.9781,1021.7,87.997,3.9485,31.954,1100,535.99,162.53,13.87,2.845,59.918
3.2098,1022,87.487,3.9239,31.747,1100.1,536.37,162.11,13.794,2.9358,60.623
3.1939,1022.5,86.816,3.9322,31.673,1100,536.23,162.14,13.863,2.6836,60.874
3.4713,1022.8,84.147,3.9282,31.848,1099.9,535.74,162.28,13.892,2.5009,60.568
3.5602,1023,81.503,3.8397,31.032,1100.2,538.37,160.24,13.657,2.6187,63.809
3.5854,1023.2,81.898,3.8373,30.994,1100,538.08,160.4,13.674,2.874,62.493
3.5704,1023.4,81.914,3.8801,31.463,1100,536.56,161.58,13.81,2.6981,60.565
3.3638,1023.9,83.167,3.922,31.641,1100,535.67,162.29,13.881,2.6151,60.753
3.1503,1023.9,83.529,4.1566,33.811,1100,528.88,167.17,14.289,2.4873,58.952
3.0234,1024,83.219,4.1332,33.606,1100.2,529.58,166.98,14.295,2.1952,58.955
2.7264,1024.3,84.159,4.1965,34.112,1099.9,527.64,168.28,14.35,2.8435,58.908
2.4541,1024.6,84.674,4.1653,33.875,1100.1,528.34,168.06,14.272,1.9167,56.128
2.3137,1025,85.055,4.1288,33.732,1099.9,529.11,167.3,14.251,2.1122,56.959
2.1869,1025.2,84.883,4.2213,34.383,1100.1,526.94,169.04,14.42,2.7245,57.578
2.4683,1025.4,86.343,4.2027,34.071,1099.9,527.76,168.18,14.391,2.4158,57.834
3.3565,1025.5,85.619,4.1227,33.437,1100,530.06,166.25,14.225,2.5885,58.49
4.9344,1025.6,81.903,4.1364,33.694,1099.9,530.76,164.64,14.195,2.6888,58.278
7.1859,1025.2,64.909,4.0637,34.609,1100,533.4,161.82,13.994,2.8965,59.584
6.8154,1024.5,74.291,4.0928,34.425,1099.9,530.91,164.04,14.176,2.8996,58.156
7.3466,1024,73.298,4.0431,34.589,1100,532.48,162.64,14.038,2.9109,58.04
7.8561,1023.6,68.285,4.1412,35.841,1100,531.39,162.95,14.11,2.0223,56.757
7.8034,1023.9,66.234,4.138,36.915,1100.1,531.67,162.84,14.111,1.8942,56.793
7.5176,1024.1,69.557,4.1281,36.417,1099.9,531.71,163.06,14.134,2.4525,57.799
6.9636,1024.5,73.215,4.1337,35.988,1099.9,531.12,163.99,14.164,2.9286,57.982
6.536,1024.7,76.167,4.1423,35.314,1100,530.36,164.53,14.19,2.8878,57.423
5.874,1024.5,76.926,4.1009,34.356,1100,530.95,165.05,14.165,2.8986,58.347
5.0083,1024.1,78.669,4.0794,33.88,1100,531.21,164.83,14.155,2.4608,58.366
4.7595,1023.8,75.057,4.087,33.783,1099.9,530.9,165.15,14.196,2.3463,58.494
3.8974,1023.4,77.365,4.1193,33.791,1100,529.95,166.36,14.276,2.3848,58.002
3.178,1022.9,80.053,4.1332,33.797,1099.9,529.26,167.06,14.302,2.7064,58.02
2.8912,1022.4,81.468,4.1212,33.504,1099.9,529.81,166.69,14.274,2.4947,57.89
2.7344,1022,82.568,4.1218,33.391,1099.9,530.3,166.42,14.184,2.743,59.235
2.8423,1021.9,83.002,4.0818,33.184,1099.9,531.18,165.82,14.193,2.6743,59.808
2.994,1021.5,82.6,4.1209,33.957,1099.9,529.53,166.85,14.27,2.7561,59.18
2.8463,1021.2,82.583,4.0796,33.569,1099.9,530.86,166.2,14.185,2.7072,60.385
2.4917,1020.9,83.486,4.1509,33.773,1099.9,529.49,167.29,14.246,2.5858,59.378
2.3804,1020.9,85.145,4.1256,33.439,1099.9,530.36,166.77,14.242,2.7423,59.793
2.6711,1020.9,85.376,4.1736,33.896,1100,529.4,166.98,14.196,2.7847,59.182
3.0559,1020.7,85.108,4.0921,33.515,1100,531.38,165.66,14.163,1.7481,58.296
4.256,1020.8,85.997,4.1233,33.761,1099.8,531.59,164.64,14.1,1.7864,57.829
5.9913,1020.8,85.746,4.0642,34.121,1100.1,533.87,162.26,13.987,2.1468,58.157
7.8231,1020.1,80.759,4.0743,35.382,1099.9,533.76,161.43,13.974,3.0747,58.298
9.1131,1019.3,73.991,4.0586,36.304,1100,534.16,161,13.977,3.296,58.906
9.9461,1018.5,69.71,3.9572,35.864,1100,537.01,158.75,13.764,3.0138,59.063
10.113,1017.9,69.945,3.9888,35.456,1099.8,535.92,159.71,13.829,2.6458,58.92
9.9493,1017.5,70.881,4.0479,36.318,1099.8,534.02,161.16,13.914,2.9665,58.7
9.6665,1017.3,73.279,4.0643,36.342,1100,532.4,162.89,14.091,2.6707,57.767
8.4827,1017.2,75.435,4.1083,35.659,1100,531.94,163.62,14.094,2.575,58.108
7.0983,1017,78.407,4.0758,34.619,1099.9,532.82,163.61,14.045,2.8073,59.391
6.5554,1016.7,80.61,4.0796,34.128,1100,533.28,163.38,13.962,2.6988,59.957
6.4633,1016.4,81.737,4.0495,33.832,1100,534.12,162.5,13.99,2.5244,59.663
6.6201,1016.3,82.176,3.988,33.558,1100.1,535.98,161.26,13.818,2.3604,59.313
6.5549,1016,82.708,4.0484,33.703,1100,534.95,161.88,13.927,2.4286,59.727
6.5421,1015.7,83.578,4.1048,34.268,1099.9,532.93,163.38,14.011,2.3644,59.227
6.6795,1015.2,83.526,4.0072,33.753,1099.9,535.97,161.01,13.881,2.4544,60.178
6.9969,1015,83.275,4.0668,34.355,1100,534.21,162.2,14,2.4747,59.827
7.455,1014.8,83.441,4.1019,34.662,1100.1,533.04,163.09,14.062,2.7479,59.767
7.9138,1014.7,80.963,4.0667,34.805,1099.9,533.86,162.21,13.938,2.7742,60.564
8.1209,1014.5,79.748,4.0648,34.799,1099.9,534.48,161.98,13.888,2.787,60.454
7.9441,1014.7,77.958,4.0382,33.869,1099.9,534.1,162.49,13.909,2.7458,60.676
6.654,1014.9,79.625,3.9934,33.376,1099.8,535.73,161.83,13.847,2.8652,61.552
5.8135,1015.3,79.888,4.1294,33.807,1099.8,530.92,165.26,14.151,2.6981,60.309
5.188,1015.8,82.386,4.0729,33.046,1100,532.66,164.27,14.02,2.8059,60.262
5.9283,1016.2,83.101,4.1096,33.253,1100,532.15,164.39,14.108,2.5981,59.558
6.5152,1016.3,81.403,4.0043,32.348,1099.9,535.44,161.96,13.898,2.6662,60.229
7.1178,1016.2,79.821,4.0903,33.43,1100,532.81,163.38,14.06,2.5322,59.166
8.0863,1016,77.06,4.0832,33.281,1100,533.26,163.07,14.038,2.3235,59.981
8.3955,1015.8,74.358,4.0375,33.069,1099.9,534.23,162.04,13.903,2.5699,61.434
8.5164,1015.5,71.882,4.0101,33.643,1100,535.44,160.9,13.912,2.5137,61.749
8.3828,1015.8,72.891,4.0732,33.615,1100,533.42,162.2,13.986,2.6809,61.496
8.4429,1015.8,74.764,4.0162,32.49,1099.9,535.1,161.31,13.893,2.7633,61.457
8.3891,1016.3,75.936,4.0948,33.02,1099.9,532.99,162.78,14.022,2.8722,60.582
7.8668,1016.8,77.345,4.083,32.716,1100,533.8,162.68,14.037,3.0011,60.746
6.2145,1017.5,79.059,4.0837,32.959,1099.9,533.18,163.67,14.06,3.0204,60.897
4.9337,1018,81.587,4.0961,32.842,1099.9,532.95,164.37,14.099,3.0379,60.714
4.5777,1018.2,82.792,4.1251,33.319,1100,531.46,165.22,14.134,2.9104,59.596
4.9182,1018.5,83.704,4.0221,33.269,1099.7,534.43,162.54,13.95,2.7887,59.724
5.471,1018.8,81.654,4.1342,36.375,1099.9,531.1,164.7,14.157,2.7646,58.295
5.9326,1019.1,79.514,4.0208,35.959,1099.8,534.48,162.15,13.947,2.7735,59.667
6.3595,1019.6,75.413,4.0647,36.098,1100,532.3,163.32,14.09,2.7233,59.001
5.7455,1020.2,72.694,4.0841,35.165,1100,531.85,164.57,14.145,2.8953,59.488
4.2294,1020.1,77.04,4.1218,34.496,1100,530.12,166.09,14.214,2.99,59.379
3.6049,1020.5,78.802,4.1109,33.902,1100.1,530.47,166.19,14.162,2.8868,59.148
2.8835,1021.3,80.96,4.1499,33.775,1100,529.7,166.85,14.278,2.9325,59.003
2.8496,1022.1,81.608,4.1627,33.933,1100,529.24,167.29,14.224,2.9135,57.65
3.0949,1022.7,81.304,4.1546,33.851,1099.9,529.51,166.91,14.256,2.7829,58.307
3.5956,1023.3,81.183,4.148,33.846,1100,530.17,166.42,14.18,2.5208,59.465
4.9969,1023.8,80.824,4.0943,33.527,1100,531.56,164.39,14.146,2.6403,58.935
6.4564,1024.2,77.646,4.057,33.374,1100,533.57,161.91,14.029,2.6176,58.266
7.5357,1024.1,73.24,4.0954,33.923,1099.9,532.92,162.16,14.08,2.4982,57.051
7.8653,1023.8,71.755,4.1234,34.332,1100,532.46,162.36,14.055,2.6199,56.606
7.9297,1023.5,70.034,4.0868,34.017,1100,533.61,161.68,13.984,2.4679,57.499
8.1406,1023.5,68.735,4.0952,34.206,1099.9,533.21,161.66,14.014,2.5047,58.372
8.5262,1023.5,67.093,4.0957,34.184,1099.9,533.16,161.71,14.049,2.5786,59.038
8.6125,1023.7,66.975,4.1196,34.148,1100.1,532.71,161.99,14.02,2.7181,57.989
8.2469,1024.2,68.745,4.0803,33.659,1100,533.45,161.66,13.998,2.8081,58.078
7.6365,1024.5,69.817,4.0577,33.155,1099.9,533.58,161.8,14.002,2.7213,58.617
7.3294,1024.7,71.742,4.0162,32.727,1099.9,534.04,161.61,13.976,2.8236,59.003
6.7533,1024.9,73.658,4.0876,33.126,1100.1,532.22,163.22,14.1,2.4258,57.165
5.4628,1025.1,76.877,4.0549,32.869,1099.7,532.55,163.64,14.102,2.3025,57.814
4.6373,1025.1,79.519,4.0998,33.421,1099.9,531.36,164.59,14.141,2.5633,58.132
4.2144,1025.1,79.445,4.1202,33.475,1099.9,530.73,165.57,14.214,2.8165,57.83
4.0782,1025.2,80.935,4.1581,33.7,1099.9,529.91,165.92,14.21,2.9123,57.707
4.6128,1025.1,81.234,4.0853,33.146,1100,531.85,164.34,14.126,2.9008,58.405
5.0159,1024.8,81.642,4.1212,33.296,1100,531.39,164.44,14.143,2.9776,58.09
5.602,1024.2,80.28,4.1088,33.017,1099.7,532.4,163.49,14.089,2.7352,58.233
5.8587,1024,80.696,4.1069,33.215,1100,531.77,163.87,14.108,2.5507,57.75
6.2573,1024,79.981,4.0069,32.369,1099.8,534.54,161.8,13.89,2.5466,58.999
6.5067,1024,78.887,4.0402,32.615,1100.1,533.96,162.07,13.963,2.5887,59.338
6.3896,1024.1,79.103,4.0799,33.056,1099.9,532.75,163.17,14.092,2.7353,58.081
6.4337,1024.4,79.603,4.0794,33.032,1099.9,532.64,162.94,14,2.9479,57.728
7.404,1024.7,77.837,4.1367,33.365,1100.1,531.78,162.97,14.117,3.0023,58.089
8.7136,1024.8,71.354,4.1306,33.289,1100.1,532.64,161.9,14.044,2.6918,58.217
9.3753,1024.5,68.86,4.1257,33.164,1100,533.91,160.71,13.998,2.2064,58.435
9.658,1024,64.735,4.0616,33.096,1100,535.15,159.87,13.893,2.5324,59.954
9.6082,1023.6,66.782,4.0499,33.867,1100.1,534.33,160.29,13.909,2.6069,59.238
9.4986,1023.4,65.646,3.9869,33.476,1100.1,536.47,158.77,13.766,2.8641,58.781
9.5461,1023.2,66.631,4.0728,33.742,1100.1,534.32,160.16,13.964,2.8316,57.743
9.4349,1023.4,66.66,4.0563,33.049,1100,535.01,160.14,13.856,2.732,58.652
8.6468,1023.5,68.327,4.1244,33.377,1100.1,532.3,162.26,14.069,2.8555,57.731
7.741,1023.7,70.898,4.1026,33.479,1100,531.21,163.81,14.123,2.9036,57.365
6.1819,1023.6,74.21,4.1191,33.507,1099.9,531.12,164.62,14.159,2.8128,57.519
5.0636,1023.6,76.173,4.1055,33.32,1099.9,531.51,165.03,14.145,2.7366,58.339
4.1102,1023.8,79.495,4.1266,33.496,1100,531.12,165.38,14.171,2.6176,58.031
3.1947,1024.1,79.878,4.1563,33.647,1100,530.34,166.6,14.248,2.7827,58.552
2.7947,1024.2,82.922,4.2471,34.365,1099.9,528.26,167.69,14.384,2.2359,56.429
2.7169,1024.1,82.737,4.1993,34.171,1099.9,528.9,167.49,14.357,2.773,57.26
2.3815,1024,82.921,4.2302,34.276,1099.9,528.26,167.96,14.343,2.618,56.897
2.1492,1024,83.828,4.2282,34.043,1100.1,528.76,167.94,14.341,2.7511,56.055
1.452,1024.2,82.202,4.2534,34.395,1100,527.65,169.29,14.422,2.8579,56.718
0.61635,1024.1,86.496,4.1613,33.627,1100,529.87,167.79,14.266,2.3859,57.442
0.32456,1024.2,89.692,4.2758,34.527,1099.9,527.09,169.56,14.381,1.857,56.443
0.75101,1024.3,92.896,4.4314,34.12,1100,528.41,168.37,14.365,1.7076,56.632
1.3553,1024.4,92.392,4.5803,34.089,1100,528.45,168.05,14.332,2.3431,57.748
1.8072,1024.6,92.018,4.6326,33.738,1100,529.6,167.34,14.214,2.6369,55.154
2.6957,1024.9,92.129,4.6323,34.02,1099.9,528.87,167.23,14.255,2.2018,51.573
4.2745,1024.7,93.522,4.579,33.769,1100,530.14,165.7,14.176,2.514,51.893
6.2525,1024.1,93.171,4.5351,33.642,1100,531.12,164.31,14.14,3.1248,50.94
7.4615,1023.4,90.872,4.4239,34.088,1099.9,530.91,163.91,14.142,3.1905,51.395
9.0014,1022.8,86.453,4.2089,35.052,1099.9,532.41,161.52,14.078,2.9923,52.678
11.031,1022.6,66.21,4.1359,36.632,1099.9,533.77,159.62,13.978,2.4456,53.905
11.521,1022.3,70.374,4.0838,36.421,1100,533.99,160.43,13.93,2.2871,53.193
10.682,1022.3,75.971,4.0955,36.079,1100,533.26,161.21,14.014,2.5577,51.959
10.271,1022,77.379,4.0991,35.801,1100,532.99,161.59,14.017,2.7491,51.382
10.069,1021.8,77.874,4.152,35.835,1099.8,531.72,162.43,14.079,2.9949,51.483
9.9216,1021.4,76.155,4.1005,35.409,1100.1,532.75,161.98,14.039,2.8844,52.216
8.8979,1021.2,77.636,4.1625,34.788,1100,530.98,163.77,14.171,2.5432,51.63
7.6232,1021.2,78.5,4.1318,33.901,1099.9,531.84,163.68,14.12,3.0077,52.856
6.5958,1021,80.105,4.1022,33.564,1099.9,531.87,163.92,14.117,2.8875,52.46
6.1943,1021,81.188,4.1385,33.605,1100,531.23,164.45,14.126,2.4423,52.754
6.5412,1020.5,82.256,4.0659,32.909,1100.2,534.05,162.24,13.996,2.6824,53.283
7.4325,1020.4,83.235,3.986,32.483,1100.1,535.95,160.19,13.877,2.6418,52.995
8.5784,1020.1,81.785,4.0672,32.953,1100,534.19,161.41,13.978,2.8883,52.604
8.5385,1019.6,81.081,4.0741,32.97,1099.7,533.9,161.6,13.914,2.7773,52.826
8.2398,1019,81.711,4.0515,32.647,1100,534.88,161.15,13.912,2.6927,52.892
8.4968,1018.7,80.88,4.0745,32.8,1099.9,535.23,160.14,13.865,2.2834,53.556
8.6295,1018.9,80.302,4.0906,33.399,1100.1,533.58,161.61,13.925,2.115,52.217
9.4502,1018.9,81.085,4.1008,33.557,1100,533.59,161.16,13.984,2.2759,52.264
10.196,1018.9,79.731,4.0842,33.953,1100,534.15,160.47,13.899,2.3127,54.826
10.909,1018.9,79.535,4.0577,34.234,1100,535.48,159.26,13.851,2.4881,57.97
12.158,1019,71.413,3.9949,35.325,1099.8,537.22,157.34,13.762,2.4653,58.472
12.983,1018.3,66.381,4.0734,36.244,1100,535.98,157.46,13.836,2.9408,58.887
13.45,1017.8,62.322,4.0763,35.726,1100.1,536.35,157.31,13.808,3.1325,60.509
13.986,1017.2,61.182,4.0929,36.185,1100,536.34,156.92,13.802,2.8571,59.502
14.236,1016.6,59.484,4.0585,35.838,1100.1,537.04,156.51,13.715,2.4221,58.68
14.269,1016.4,61.825,4.0316,35.586,1100,536.91,156.84,13.797,2.7589,58.264
14.229,1015.9,61.279,4.0331,34.968,1100.2,537.81,156.23,13.659,2.7382,58.859
14.023,1015.8,62.767,4.0949,34.993,1099.9,535.79,157.66,13.823,2.3789,57.928
13.242,1015.9,65.2,4.043,34.607,1100,536.62,157.65,13.766,2.2959,57.808
11.671,1016,71.059,4.0326,34.056,1100.2,535.6,159.1,13.873,2.7375,58.887
10.724,1016.2,74.376,3.9957,33.133,1100,536.44,158.62,13.756,3.0888,59.492
11.163,1016.2,75.785,3.9978,32.932,1100,536.63,158.38,13.808,2.5619,59.805
10.814,1016.3,75.286,3.9937,32.499,1100.2,536.43,158.86,13.814,2.6444,58.842
10.266,1016.3,77.654,4.0861,33.069,1099.9,533.95,160.62,13.981,2.9372,57.591
9.1305,1016.3,78.85,2.9126,24.071,1065.6,548.32,125.35,11.389,4.2931,71.303
9.0865,1016.2,80.567,2.8239,23.082,1063.2,550.14,122.44,11.189,4.0922,72.091
9.0815,1016.4,80.806,2.8334,23.017,1063.8,549.89,122.78,11.211,3.6385,71.957
7.9074,1016.2,79.667,2.7754,22.394,1063.5,549.97,123.03,11.144,3.7181,73.643
7.6232,1016.1,82.403,2.7484,21.74,1060.9,549.77,120.86,10.945,4.098,74.092
7.3369,1016,82.146,2.6213,20.786,1055.9,549.6,117.11,10.781,4.4507,74.027
10.497,1015.3,75.337,2.6072,20.574,1033.1,537.04,109.86,10.587,7.6917,119.52
10.957,1015.8,74.322,3.107,24.617,1079.4,549.88,134.18,11.844,3.743,69.44
11.523,1016.2,74.281,3.0871,24.777,1079,549.95,133.57,11.809,4.9081,67.7
12.174,1016.1,72.565,3.1459,25.408,1080.2,550.05,134.35,11.914,2.4181,63.871
12.523,1016.2,71.746,3.1757,25.774,1080.2,550.05,134.22,11.993,2.6397,68.618
12.609,1015.9,72.626,3.1997,26.176,1081.2,550.02,135.15,11.947,2.7436,69.313
12.573,1015.7,74.23,3.1454,25.851,1078.7,550.01,133.15,11.944,3.3255,67.755
12.553,1015.6,72.348,3.1655,26.305,1079.7,549.89,133.91,11.952,5.0326,66.242
12.577,1015.8,70.466,3.1318,26.498,1079.6,549.88,133.72,11.969,2.9633,62.249
12.372,1016,69.431,3.1229,25.932,1078.9,549.92,133.31,11.957,3.1206,65.151
11.853,1016.2,70.31,3.1176,25.534,1079,550.05,133.67,11.87,3.5017,66.828
11.276,1016.6,70.556,3.048,24.738,1078.3,550.11,133.31,11.816,3.8051,69.323
10.257,1017,71.773,3.03,24.298,1078.4,550.1,133.76,11.924,3.652,71.196
9.5607,1017.3,76.417,3.0968,24.191,1078.4,550.1,133.88,11.881,3.7166,71.638
9.4831,1017.5,77.304,3.1064,24.051,1078.1,550.13,133.54,11.886,3.5989,70.659
9.9418,1017.7,75.717,3.0744,24.149,1078.9,550.14,133.92,11.825,3.4303,69.515
10.067,1017.9,73.975,3.0775,24.04,1078.8,550.11,133.92,11.841,3.1456,68.139
10.617,1018.7,77.825,2.4651,19.042,1035.5,544.18,105.84,10.16,7.834,88.595
10.504,1019,78.08,2.634,20.427,1042.1,542.44,112.27,10.636,9.2061,97.266
10.733,1019.3,77.585,3.0358,23.645,1075.2,550.14,130.59,11.622,3.584,69.424
11.24,1019.6,75.721,3.0854,23.901,1075.4,550.07,130.55,11.629,3.3855,68.276
11.854,1019.9,74.439,3.0867,24.737,1076.4,550.01,130.98,11.745,3.8333,67.928
12.456,1019.7,73.035,3.0885,25.151,1075.7,550.07,130.43,11.763,1.8717,62.693
12.65,1019.1,72.312,3.0755,25.814,1076.2,550.06,130.87,11.78,1.2302,62.818
12.727,1018.4,71.134,3.0407,25.992,1073.7,550.04,129.03,11.668,2.4059,64.353
12.787,1018,69.72,3.0671,26.316,1074.8,550.01,129.9,11.719,3.3877,63.906
12.807,1017.6,70.342,3.0824,26.263,1076.1,550.02,130.9,11.623,3.6382,64.813
12.718,1017.4,68.779,3.04,25.826,1074.4,550,129.68,11.573,3.4898,64.796
12.488,1017.2,67.567,2.995,25.499,1074.8,549.99,130.13,11.628,4.0664,65.775
12.03,1017.3,67.912,3.0014,24.817,1075.1,550.1,130.87,11.629,4.5697,65.527
11.442,1017.2,69.942,3.0189,24.354,1073.8,549.86,129.74,11.522,3.1955,65.561
10.822,1017.1,70.838,2.5742,20.755,1050.9,550.15,113.14,10.592,5.094,74.409
11.175,1016.7,73.543,2.8319,22.796,1063.7,550.11,122.11,11.207,4.2266,71.01
11.639,1016.2,72.143,3.0228,24.59,1073.4,550.01,129.1,11.608,3.8063,66.99
11.841,1016,70.909,3.0155,24.954,1075.1,549.75,130.5,11.607,3.116,66.07
11.114,1013.3,75.459,3.0626,24.796,1075.4,549.95,131.14,11.662,3.5395,68.033
10.944,1013.2,74.011,3.0236,25.116,1074.2,549.93,130.06,11.605,3.9359,69.411
11.897,1013,71.614,3.1066,26.682,1076,549.91,131.1,11.739,4.2888,66.927
12.625,1012.5,70.581,3.0671,27.657,1075,550.05,130.09,11.653,2.262,66.509
13.257,1011.6,65.048,2.9462,27.035,1067.7,550.28,124.68,11.357,2.8429,70.036
13.799,1010.6,60.719,3.0595,27.873,1073.5,549.8,128.67,11.665,3.0768,67.863
14.044,1010.1,60.085,3.4249,29.952,1084.1,546.38,138.89,12.396,3.6323,68.113
14.294,1009.7,59.63,3.0759,26.44,1073.6,550.15,128.78,11.606,3.4856,66.576
14.471,1009.4,54.972,3.067,26.73,1073.8,550.12,128.84,11.553,3.6376,67.481
14.103,1009.2,58.677,3.0504,26.289,1073.7,550.02,129.1,11.548,3.4667,68.235
13.523,1009,62.285,3.0549,25.76,1074.3,549.98,129.79,11.591,3.3738,68.472
13.17,1008.4,64.586,3.0534,25.395,1073,550.04,128.75,11.614,3.4523,67.546
12.745,1007.7,66.313,3.028,25.324,1072.9,549.98,128.86,11.612,3.3262,68.258
12.62,1007.1,66.417,3.0282,25.407,1073.4,549.8,129.26,11.549,3.4218,68.199
12.57,1007.1,67.104,2.4952,21.814,1039.7,547.39,106.4,10.235,6.2836,80.55
12.567,1006.8,67.09,3.038,25.2,1072.4,549.99,128.58,11.585,3.5854,66.558
12.525,1006.2,66.588,2.569,22.451,1048.3,549.82,110.83,10.475,4.9349,71.016
12.467,1005.9,66.649,2.5485,22.41,1047.6,549.93,110.49,10.388,4.7951,71.428
10.831,1005.6,75.51,2.4141,19.908,1034.8,545.62,105.22,10.144,7.2251,86.109
10.63,1005.4,78.449,2.9137,22.993,1066.3,549.25,125.48,11.261,4.1374,72.503
11.343,1006.1,80.618,3.0875,24.066,1073.4,549.83,129.79,11.515,3.5694,66.722
12.495,1006.3,73.095,3.2187,23.907,1075,549.85,130.63,11.651,3.5635,66.814
12.867,1006.3,74.685,3.2146,23.817,1075.7,549.91,131.23,11.713,3.2134,65.761
13.345,1006,71.159,3.1769,24.135,1073.6,549.84,129.34,11.542,3.1812,65.492
13.992,1005.6,66.533,2.6042,21.338,1046,549.89,109.17,10.313,4.9573,72.044
13.87,1005.9,68.797,2.4802,21.76,1043.3,550.01,107.5,10.226,5.3062,72.935
13.369,1006,73.365,2.5563,22.591,1046.4,549.77,109.61,10.362,5.4436,72.439
13.316,1006.3,73.095,2.5314,22.542,1047.5,549.63,110.47,10.409,6.1503,72.98
12.553,1006.5,74.105,2.9362,24.236,1067.5,549.93,125.37,11.341,1.9767,66.227
12.542,1006.8,75.77,3.1024,24.92,1075.4,549.97,130.85,11.653,1.8042,65.69
13.537,1007.1,73.725,3.1249,25.279,1074.2,550.02,129.49,11.682,2.4499,65.346
13.576,1007.3,74.235,2.7121,23.448,1055,549.72,115.88,10.752,4.5667,69.137
13.168,1007.6,71.507,2.562,21.297,1047.2,549.98,110.12,10.355,2.5205,71.231
13.132,1007.7,69.979,2.6585,22.098,1052.8,550.24,113.91,10.669,3.0402,69.305
13.218,1009.6,67.681,2.7094,20.52,1052.3,549.83,113.49,10.539,5.0577,74.555
13.872,1010,64.233,2.7125,20.867,1052.3,549.91,113.29,10.627,4.8615,72.25
14.379,1010.1,62.651,2.7162,21.933,1050.6,548.44,112.69,10.648,6.5224,78.26
14.5,1009.8,61.913,2.7144,23.189,1054.8,549.4,115.44,10.722,5.6839,72.425
14.032,1009.5,64.663,2.4941,22.472,1044.5,550.3,107.9,10.278,5.0516,71.109
13.748,1009.4,67.619,2.488,22.055,1043.5,549.86,107.09,10.27,7.3491,76.216
13.344,1009.5,69.243,2.4898,21.781,1044.6,549.77,107.93,10.244,6.3935,72.344
12.87,1009.8,70.483,2.4818,21.058,1044.4,549.64,107.92,10.205,5.4154,72.528
12.938,1010.1,68.353,2.6143,21.985,1052.4,550.28,113.74,10.556,4.917,71.954
12.889,1010.6,68.647,3.0183,24.606,1074.1,550.03,129.63,11.575,3.7775,68.589
12.69,1010.7,71.471,3.0704,24.615,1075.4,550.09,130.69,11.706,3.8203,68.546
12.648,1010.8,70.521,3.0839,24.691,1076.2,550.04,131.07,11.79,3.1963,66.481
12.794,1011.2,72.863,3.0806,24.599,1075.5,549.9,130.63,11.695,3.3849,66.325
12.06,1011.4,79.677,3.0806,23.957,1074.8,549.81,130.32,11.728,3.6064,67.006
11.92,1011.9,80.233,3.0314,23.952,1074,550.15,129.65,11.615,4.6106,68.29
12.076,1011.9,81.072,2.6581,21.045,1053.3,549.5,114.38,10.683,4.4609,69.021
12.405,1012.1,78.824,2.4717,20.152,1044.3,549.76,108.04,10.278,5.3187,73.036
12.545,1012.5,76.275,2.5115,19.977,1044.7,550.17,108.22,10.323,7.2764,75.121
12.025,1012.7,77.513,2.5217,19.864,1047.5,550.33,110.29,10.371,4.7987,70.344
11.336,1013,80.496,2.5246,19.198,1044.3,549.71,108.19,10.306,5.3747,74.151
10.97,1013.5,81.504,2.6137,19.822,1050.3,550.04,112.45,10.575,4.8335,74.004
10.7,1014.3,81.85,2.844,21.795,1062,548.53,121.74,11.101,4.785,76.04
10.249,1015,83.263,2.5261,18.624,1043.1,548.23,108.54,10.296,6.0523,80.788
9.7782,1015.8,83.829,2.9141,22.285,1065.4,548.34,125.19,11.28,5.1512,79.887
9.531,1016.4,83.466,3.0187,23.108,1072.6,550.09,129.23,11.515,3.9117,71.873
9.8831,1016.9,81.452,3.0777,23.704,1074.6,550.12,130.47,11.568,3.4374,71.201
10.182,1016.9,79.492,3.0833,24.105,1075.2,550.11,130.9,11.664,3.0167,68.546
10.374,1016.6,76.536,3.0905,24.102,1075.7,550.11,131.26,11.738,2.9838,68.766
10.181,1016.6,75.264,3.071,23.878,1075,550.09,130.76,11.743,3.3113,69.964
9.6471,1016.9,75.94,3.0521,23.588,1075,550.04,130.95,11.656,4.1677,73.041
8.8885,1017.2,79.265,3.0632,23.442,1075.1,549.98,131.24,11.7,4.2498,72.348
8.2501,1017.3,81.78,3.0605,23.367,1075,549.97,131.35,11.683,3.6245,71.948
7.8624,1017.8,82.546,3.0618,23.317,1074.8,550.05,131.32,11.721,3.3283,73.088
7.8272,1018.1,82.035,3.0579,23.315,1075,550.05,131.43,11.617,3.5754,73.204
7.8649,1018.2,82.046,3.0594,23.242,1074.5,550.09,130.93,11.71,3.6384,72.81
7.8765,1018.1,82.086,3.0703,23.279,1074.5,549.9,130.96,11.723,3.4285,71.862
7.7987,1018,83.089,2.9979,22.826,1071.8,549.78,129.01,11.584,3.566,72.566
7.7773,1017.8,83.233,3.0436,23.171,1073.8,549.88,130.5,11.677,3.4649,71.676
7.8641,1017.6,82.909,3.0307,23.144,1072.9,549.99,129.79,11.611,3.5929,71.562
7.9848,1017.3,82.813,3.0177,23.06,1072.3,550.1,129.36,11.516,3.5133,72.21
7.6969,1016.8,87.004,3.0442,23.098,1072.6,550.09,129.59,11.572,3.5948,70.856
7.7314,1016.3,86.277,3.0358,23.149,1072.7,550.09,129.77,11.631,3.5944,71.207
7.7553,1015.9,85.393,2.919,22.17,1064.5,549.23,124.36,11.215,4.0222,72.457
7.758,1015.6,85.097,2.5465,19.323,1040.8,546.95,108.69,10.345,6.1119,77.361
7.7501,1015.3,86.275,2.9304,22.288,1065.7,549.5,125.03,11.317,4.3542,72.922
7.6968,1014.9,87.166,3.0397,23.197,1072.3,549.84,129.52,11.458,3.8745,71.04
7.708,1014.6,88.183,3.0882,23.351,1073.1,549.89,130.24,11.526,3.8345,70.004
7.8727,1014.5,88.422,3.0698,23.502,1073.5,549.88,130.38,11.61,3.4814,69.387
8.2993,1014,88.98,3.0836,23.75,1073.3,549.87,130.24,11.615,3.2472,69.721
9.0914,1013.6,87.628,3.076,23.849,1072.7,550.03,129.58,11.55,3.3314,68.032
10.062,1012.9,82.994,3.088,24.919,1073.5,549.97,129.87,11.678,3.2714,67.258
10.506,1011.7,80.597,3.0928,25.926,1074,549.96,130.34,11.67,3.764,67.2
10.994,1010.8,79.589,3.0772,26.306,1072.5,550.06,129.18,11.657,3.4308,67.188
11.262,1010.1,78.454,3.0707,26.818,1074,550.12,130.36,11.61,4.0542,67.387
11.074,1009.2,79.878,3.0864,27.43,1073.6,549.93,130.17,11.561,5.5399,68.077
10.805,1008.8,80.129,3.0815,27.393,1073.4,549.97,130.07,11.598,3.6666,65.072
9.905,1008.6,81.662,3.0972,26.705,1073,550.07,129.94,11.512,3.3666,68.132
9.5942,1008.5,83.038,3.0656,26.613,1073.8,550.02,130.72,11.603,3.5847,68.08
9.0767,1008.3,86.26,3.0766,26.042,1072.4,550.02,129.72,11.532,3.7044,69.877
8.7569,1007.7,88.636,3.0944,25.591,1071.8,550.07,129.26,11.547,3.4533,68.796
8.5424,1007,89.739,3.1012,25.677,1072.1,549.95,129.59,11.531,3.4845,68.821
8.484,1006.4,90.848,3.0722,25.527,1071,549.98,128.89,11.545,3.2893,69.042
8.5863,1005.9,91.016,3.0632,25.955,1071.2,550.03,128.93,11.521,3.7218,69.328
8.3938,1005.3,90.122,2.8759,22.881,1061.6,548.65,122.91,11.141,5.067,73.648
8.2863,1005,90.17,2.5111,18.935,1042.3,548.79,108.58,10.281,5.857,74.796
8.2665,1005.2,90.368,2.5023,18.399,1043,549.44,108.53,10.295,5.2814,72.838
8.2872,1005.2,90.261,2.5042,18.288,1041.7,548.71,108.06,10.289,5.7129,75.073
8.2938,1005.1,90.1,2.4914,18.288,1043.8,549.84,108.81,10.282,5.1477,73.556
8.061,1005.2,89.876,2.5272,18.227,1043.8,549.61,108.89,10.291,5.2889,74.239
7.8234,1005.7,88.292,2.7285,19.977,1051.8,548.01,116.28,10.769,5.2025,75.977
7.893,1006.3,87.598,3.052,23.15,1073.9,549.9,131.23,11.529,3.3469,70.304
7.6387,1006.9,83.914,3.0484,23.043,1073.5,550.05,130.91,11.664,3.3985,71.272
7.4074,1007.4,84.112,3.0472,23.054,1073.4,550.14,130.85,11.56,3.6631,71.936
7.7945,1007.9,83.974,3.0076,22.994,1072.5,550.15,130.2,11.571,3.5129,71.585
8.377,1008.1,81.091,2.9663,22.833,1072.1,550.17,129.97,11.585,3.3022,72.854
8.3655,1008.1,79.149,2.9584,22.746,1072,549.99,129.95,11.518,3.4685,72.031
8.5788,1008,77.709,2.9681,22.814,1072.2,549.83,129.93,11.611,3.319,71.409
8.6258,1008.1,75.76,2.9614,22.94,1072.4,549.92,130.13,11.592,3.1272,70.976
8.5552,1008.5,75.074,2.9731,23.009,1073.3,549.97,130.84,11.672,3.2734,71.402
8.4719,1009,75.584,3.0354,23.215,1073.9,550,131.16,11.596,3.2184,71.671
8.3344,1009.6,76.571,3.0493,23.208,1074.5,549.98,131.53,11.649,3.7013,70.469
8.0926,1010.3,77.31,3.0485,23.528,1074.7,549.88,131.87,11.605,3.5628,72.044
7.8829,1010.5,79.032,2.9947,23.147,1072.8,549.85,130.31,11.514,3.6073,72.384
7.8294,1010.6,80.437,2.9962,22.976,1071.7,549.99,129.43,11.5,3.6725,72.318
7.6797,1010.8,78.998,3.0099,22.826,1071.9,549.94,129.7,11.572,3.6368,72.493
7.463,1010.9,77.213,2.9742,22.851,1069.6,549.9,127.9,11.464,3.9108,74.313
7.3244,1011.1,77.844,3.0048,23.473,1071.9,550.14,129.71,11.56,3.7639,74.35
6.9263,1011,78.759,2.9918,22.869,1071.3,550.07,129.31,11.55,3.7745,74.321
6.5684,1010.6,80.121,2.9907,22.711,1069.9,549.31,128.86,11.443,3.997,75.325
6.4916,1010.4,79.863,2.5439,18.669,1035,542.84,108.35,10.374,7.2444,81.347
6.4622,1010.1,80.351,3.0406,22.88,1072.1,550.05,130.09,11.534,3.1949,73.418
6.4938,1009.9,81.676,2.9984,23.071,1072.9,550.08,130.54,11.531,3.2442,71.976
6.5886,1009.6,82.365,3.0277,23.152,1072.5,550.14,130.25,11.467,3.8847,72.879
6.5605,1009.4,83.138,3.0732,23.342,1073.8,549.75,131.31,11.53,3.9027,72.79
6.3762,1009.2,84.008,3.0773,23.207,1073.8,549.8,131.36,11.551,3.6436,72.498
6.3547,1008.9,85.641,3.0941,23.344,1074.8,549.92,132.27,11.597,3.2575,71.351
7.0696,1008.8,85.187,3.0698,23.288,1074.3,550.01,131.75,11.58,3.0327,70.109
7.9645,1008.5,81.212,3.0669,23.099,1072.6,549.95,130.13,11.561,3.1843,70.274
9.0518,1008,74.427,3.0901,23.335,1073.9,550.01,130.84,11.672,3.2029,69.123
10.089,1007,68.993,3.1031,23.414,1074.1,550.07,130.83,11.712,3.2922,69.669
10.783,1006.1,67.727,3.0995,23.436,1074.2,549.97,130.7,11.688,3.471,68.692
11.153,1005.6,71.204,3.1168,23.72,1075.1,549.98,131.58,11.623,2.9429,65.771
10.928,1005.5,74.314,3.0972,23.653,1075.1,550.07,131.49,11.747,2.9293,66.001
10.413,1005.2,76.981,3.0909,23.474,1074.1,549.98,130.95,11.7,3.2897,67.475
9.9621,1004.9,78.963,3.096,23.486,1074.2,549.92,131.03,11.672,3.6164,67.086
9.9057,1004.9,80.84,3.1088,23.403,1074.2,549.91,131.11,11.557,3.349,65.565
10.116,1004.9,82.026,3.1059,23.327,1073.7,549.81,130.5,11.568,3.2037,66.425
10.502,1004.9,82.424,3.0998,23.379,1073.2,549.92,130.01,11.676,3.2406,66.796
10.884,1004.6,82.104,3.1177,24.329,1073.6,549.94,130.27,11.658,3.0698,66.376
11.016,1004.4,81.526,3.1344,24.137,1074.6,549.96,131.11,11.656,3.16,66.306
11.156,1003.9,81.3,3.0895,24.562,1070.8,550.02,128.27,11.509,3.562,65.65
11.403,1003.6,80.649,3.1048,25.085,1073,550.06,129.87,11.647,3.2917,64.058
11.098,1003.1,79.797,2.9187,23.667,1061.9,549.11,122.54,11.148,4.4033,68.481
10.637,1002.8,80.641,2.5548,20.602,1040.9,548.46,107.8,10.211,6.2888,73.44
10.275,1002.5,82.03,2.578,21.604,1045.1,549.6,109.42,10.329,5.5593,71.069
10.63,1002.3,79.342,2.5093,21.015,1042.6,549.69,107.5,10.221,5.7596,71.148
11.551,1002.1,73.524,2.5429,21.612,1043.5,549.88,107.96,10.154,5.6009,71.278
11.601,1002.1,71.976,2.5451,21.484,1042.6,549.1,107.74,10.14,5.7562,72.294
11.797,1002.1,71.019,2.9294,23.562,1061.6,549.51,121.97,11.089,4.6257,70.886
12.246,1002.1,67.812,3.2075,25.424,1075,550.17,131.06,11.636,3.4795,65.334
12.712,1002.1,65.63,3.1691,25.612,1073.4,549.97,129.89,11.618,3.6507,65.274
13.106,1001.8,64.358,3.1771,25.942,1072.7,550,129.26,11.503,3.7423,66.03
13.853,1001.3,60.222,3.2068,27.052,1073.7,550.16,129.75,11.589,3.4165,64.805
14.467,1000.5,61.826,3.1794,27.453,1073.8,550.12,129.85,11.688,3.1835,64.049
14.822,999.71,62.183,3.187,27.527,1072.8,550.08,129.04,11.624,3.4416,63.895
15.08,998.95,59.342,3.3176,28.441,1075.4,550.06,130.85,11.758,3.6536,64.401
15.072,998.81,60.251,3.2582,28.384,1074.3,549.94,129.91,11.731,3.6951,64.665
14.991,998.58,61.8,3.2533,28.589,1075.8,549.99,131.32,11.708,3.6406,63.458
14.814,998.6,62.806,3.3023,28.866,1076.6,549.94,131.91,11.756,3.5465,64.267
14.396,998.7,66.166,3.248,28.493,1076.9,549.88,132.42,11.724,3.1872,63.102
14.217,998.46,68.895,3.2992,28.571,1075.8,549.94,131.36,11.638,3.4164,63.238
14.115,998.07,70.721,3.2623,28.379,1074.1,550,130.02,11.667,3.5544,63.438
13.738,997.63,73.863,3.2451,28.113,1073.9,549.88,129.99,11.676,3.7027,63.796
13.911,997,71.925,3.2482,28.446,1072.4,549.89,128.87,11.628,4.1155,64.119
14.309,996.45,67.116,3.3303,27.954,1071.2,550.02,127.65,11.531,3.5655,64.185
14.818,996.36,63.058,3.0778,26.33,1061.5,550.06,120.48,11.077,3.8347,65.506
14.903,995.4,62.672,2.7726,23.967,1045.7,550.36,109.03,10.313,4.8872,67.968
14.53,994.32,66.729,2.756,23.628,1046.2,550.39,109.55,10.372,5.3739,67.62
14.273,993.79,68.833,2.8116,23.953,1048.6,549.8,111.23,10.392,5.2583,68.414
14.103,993.35,70.418,2.8246,24.397,1052.1,549.82,114.01,10.571,5.1143,70.092
14.129,993.29,67.684,3.038,25.494,1061.7,550.17,121.13,10.984,4.1281,69.825
14.863,993.42,65.746,3.312,27.957,1075.5,549.91,131.02,11.619,3.2455,65.239
15.372,993.8,63.52,3.3046,28.635,1075.1,549.9,130.58,11.734,3.3179,63.614
15.669,993.51,63.381,3.3406,28.625,1074.5,549.89,130.09,11.635,3.4515,64.704
16.087,994.25,62.682,3.2125,28.678,1074.5,549.56,130.03,11.728,2.9548,59.856
16.483,994.76,61.308,3.1618,27.99,1073.8,549.88,129.36,11.671,3.8519,60.174
16.369,994.33,61.496,3.2106,28.451,1074.1,550.38,129.59,11.681,3.6667,59.577
16.405,994.03,60.866,3.2276,28.463,1073.7,550.23,129.21,11.656,3.3498,62.855
16.655,993.76,58.678,3.2508,28.89,1074.4,550.2,129.63,11.699,3.6377,65.966
17.108,993.51,54.36,3.2741,28.864,1075.7,549.85,130.41,11.778,3.8657,66.847
17.533,993.62,50.791,3.4019,28.235,1074.7,549.55,129.43,11.708,3.6127,65.671
17.516,994.03,50.779,3.3644,28.436,1076.6,549.97,130.97,11.701,3.2948,64.255
17.51,994.34,50.01,3.3905,27.958,1075.4,549.99,130.08,11.693,3.5194,64.574
17.541,994.63,49.784,3.3232,28.041,1075.3,549.97,129.86,11.673,3.3593,62.961
17.476,994.44,49.791,3.3335,28.427,1074.9,549.94,129.47,11.683,3.2388,62.089
17.582,993.91,48.653,3.356,28.525,1073.9,550.11,128.68,11.673,3.4307,64.84
17.652,993.92,50.702,3.3672,28.408,1074.8,550.32,129.44,11.687,3.2391,62.942
17.451,993.82,54.165,3.3763,28.403,1074.9,550.14,129.58,11.733,3.2126,63.785
17.509,993.42,55.749,3.3529,28.502,1075.3,550.08,129.96,11.727,3.4997,64.914
17.367,992.86,53.849,3.4232,28.925,1075.2,549.99,129.82,11.751,3.855,65.606
17.324,992.29,53.62,3.2948,28.908,1074.3,550.01,129.29,11.679,3.6634,65.224
17.408,991.8,53.163,3.2996,29.097,1074,550.07,129.17,11.59,3.6783,64.841
17.505,991.4,52.45,3.2861,28.27,1073.8,550.09,128.78,11.703,3.5697,64.867
17.957,990.81,51.744,3.4193,29.178,1075.6,550.4,130.04,11.744,3.4285,64.542
19.198,990.17,48.972,2.9314,24.314,1024.8,534.02,105.48,10.418,29.601,76.323
20.031,989.69,45.855,3.0279,25.41,1051,550.11,111.32,10.44,5.0452,66.186
20.531,989.42,44.001,3.0612,25.654,1050.8,550.25,111.04,10.446,5.3423,66.545
20.812,989.4,44.229,2.9135,24.883,1047.4,550.39,108.77,10.375,5.3646,66.771
21.048,989.8,44.278,3.4413,28.267,1071.7,549.72,126.09,11.506,3.7674,63.667
20.976,990.3,45.807,2.8593,23.894,1045.4,550,107.39,10.287,5.2453,65.666
20.548,990.64,46.931,2.9274,24.104,1048.7,550.19,109.7,10.364,5.1243,65.478
20.381,991.26,46.999,2.9374,23.676,1047.6,549.78,108.96,10.37,5.2872,65.843
19.593,992.34,50.596,3.2738,25.321,1071.7,550.29,126.79,11.457,3.7367,62.523
18.864,993.45,53.701,3.3807,25.36,1077.7,550.13,131.39,11.772,4.8469,63.528
18.178,994.81,57.013,3.3593,24.656,1076.9,549.8,130.88,11.818,3.4414,59.136
17.542,995.67,59.628,3.2987,24.362,1077.1,549.91,131.34,11.81,3.4994,61.826
17.424,996.29,59.992,3.3113,24.378,1077.4,549.98,131.54,11.811,3.8319,62.993
17.642,996.62,62.421,3.3856,24.058,1074.5,549.99,129.09,11.659,3.9106,62.561
15.968,996.36,72.874,3.3158,25.769,1074.6,550,129.82,11.722,3.4183,60.515
15.143,996.31,78.377,2.9018,22.765,1059.4,549.86,118.75,10.991,4.2754,62.334
14.427,996.56,74.932,2.5016,20.927,1045.4,550.05,109.02,10.22,5.332,66.34
12.106,997.12,89.23,3.0213,21.858,1062.5,549.6,122.98,11.097,4.119,68.709
12.714,997.06,86.485,3.2485,23.752,1074.8,550.18,131.05,11.627,3.6164,63.307
13.141,997.32,84.176,3.2211,23.406,1073.1,550.01,129.42,11.608,3.7616,63.451
13.45,997.33,81.305,3.1733,23.262,1072,549.88,128.59,11.591,3.7049,63.051
14.265,996.76,76.077,2.633,19.105,1044.8,550.18,108.49,10.198,5.3971,67.685
14.954,996.69,73.528,2.7646,20.709,1053.4,550.22,114.78,10.685,4.9827,66.154
15.445,996.82,62.089,3.2218,24.04,1074,549.98,129.53,11.582,3.511,62.826
15.348,996.87,61.048,3.1603,24.013,1074.6,549.93,130.27,11.594,3.6969,64.206
14.891,996.76,62.19,2.7074,20.646,1052.2,549.9,114.12,10.628,5.8038,68.198
14.1,997.19,65.098,4.0499,31.806,1099.8,539.26,156.48,13.563,0.48342,60.286
13.297,997.58,69.158,4.0712,31.744,1100,539.01,157.05,13.634,0.6608,61.225
12.858,997.45,70.397,4.0871,32.117,1100,537.65,158.3,13.713,1.4897,63.266
13.138,997.88,70.368,4.0617,31.132,1099.9,540.55,156,13.535,3.1414,65.447
12.467,998.17,70.316,3.6607,28.384,1086.7,543.85,144.12,12.678,3.4414,66.12
11.376,998.89,77.332,3.2032,24.2,1074.5,549.95,131.29,11.631,3.5311,66.017
10.64,998.7,82.685,3.0817,23.168,1069.5,549.95,127.78,11.389,3.7318,66.37
12.004,1001.9,74.856,2.7158,20.048,1047.5,549.43,111.09,10.34,5.6421,72.569
11.522,1003,76.418,2.6287,20.406,1047.5,549.64,110.87,10.347,5.4744,70.748
10.87,1003.6,78.571,2.7073,20.005,1048.7,549.9,111.84,10.405,5.4816,71.026
10.538,1004.1,77.892,2.5831,18.735,1039,547.52,106.74,10.187,6.9949,78.71
11.607,1004.4,71.594,2.4759,19.805,1037.9,548.33,105.01,10.101,6.3387,75.558
12.231,1005,64.25,2.3885,20.864,1035,545.92,104.55,10.134,7.8993,83.533
12.475,1005.7,59.723,2.426,21.124,1028.6,542.04,102.3,10.12,11.43,99.448
12.953,1006.5,56.092,3.0791,24.674,1073.9,549.97,130,11.558,3.7655,70.039
12.51,1007.3,56.11,3.0721,24.235,1075.1,549.72,131.09,11.577,3.5579,73.736
11.391,1008,57.038,3.0644,23.661,1075.1,549.94,131.49,11.633,3.2889,69.906
10.278,1009,66.201,3.1109,23.955,1076.7,550,132.95,11.756,3.0107,69.553
9.4287,1009.8,75.062,3.0557,23.534,1074.9,550.04,131.61,11.595,3.4868,71.409
8.5829,1010.5,76.346,2.9977,23.111,1072.3,550.08,129.94,11.476,3.3042,73.581
7.1983,1011.3,79.133,2.57,18.777,1036.2,543.48,108.86,10.377,7.0788,81.278
6.3914,1011.9,81.367,2.572,18.827,1037.4,543.99,109.32,10.318,7.2174,81.976
6.0639,1012.3,81.765,2.617,18.887,1037.6,543.82,109.74,10.436,8.4189,84.628
5.7048,1012.5,81.652,2.5604,18.775,1029.5,538.5,107.93,10.301,10.713,92.142
8.873,1014.7,87.169,3.0397,23.411,1069.7,549.42,128.27,11.393,3.6414,75.698
10.097,1014.9,79.005,3.101,24.761,1070.5,550.02,127.42,11.509,3.403,71.636
11.299,1014.7,71.101,3.0654,25.188,1068.7,549.97,125.94,11.456,3.7553,71.636
12.313,1014.5,66.318,3.089,26.028,1069.1,549.93,126.01,11.438,3.6891,70.616
12.919,1013.9,64.258,3.1092,26.932,1069.9,549.95,126.67,11.453,3.4416,69.079
13.34,1013.2,64.479,3.0854,25.992,1069.3,549.97,126.03,11.407,3.5581,67.699
13.522,1012.8,63.423,2.6868,22.455,1049.9,549.86,111.82,10.434,5.2341,71.411
13.401,1012.4,68.518,2.5666,21.245,1046.7,549.7,109.8,10.322,5.5434,71.489
13.247,1012,69.957,2.7529,22.664,1055,549.89,115.63,10.761,4.8924,69.562
14.101,1011.8,67.283,3.192,27.017,1075.1,549.93,130.22,11.647,3.6671,64.664
14.256,1012.2,65.233,3.2005,27.249,1076.6,549.84,131.21,11.67,3.3044,64.474
14.228,1012.5,67.011,3.1781,26.992,1075.1,549.75,130.17,11.609,3.2848,63.865
14.115,1012.5,68.147,3.1088,27.093,1073,549.66,128.56,11.523,3.6744,65.854
13.952,1012.8,70.017,2.7892,25.271,1056,549.71,116.1,10.811,5.0286,69.344
13.331,1012.9,75.861,2.6103,23.923,1047.1,550.16,109.89,10.415,5.4163,69.704
12.888,1012.8,78.709,2.6233,23.797,1046.8,550.38,109.67,10.32,5.6153,69.493
12.952,1012.9,77.489,2.6083,23.877,1045,549.87,108.3,10.314,5.8547,72.193
12.969,1013.3,74.605,2.5095,23.436,1026.6,540.56,101.49,10.041,11.519,103.75
12.524,1013.7,73.254,2.4903,23.143,1028.4,541.14,102.57,10.088,10.966,101.48
10.629,1014.2,77.282,2.4888,20.56,1020.2,535.44,101.19,10.11,9.2282,114.33
9.999,1014.7,79.86,2.9753,23.633,1070.4,549.62,128.27,11.394,3.5366,74.861
10.979,1014.9,83.213,2.9915,24.734,1068.6,549.76,125.76,11.411,3.6276,69.581
13.406,1014.8,74.136,2.7642,24.694,1053.6,549.96,113.86,10.67,5.8012,70.667
15.116,1014.8,64.169,3.0143,26.717,1065.9,549.65,122.76,11.324,1.1864,63.662
15.752,1014.6,59.863,2.6994,24.315,1050.9,550.13,111.71,10.571,2.4639,67.53
15.883,1014.4,61.685,2.6966,23.151,1053.9,550.29,113.92,10.685,3.6513,67.907
15.414,1014.1,63.468,2.8758,24.129,1062.5,549.59,120.53,11.062,3.4317,64.631
14.963,1013.9,63.334,2.5618,22.774,1046.6,550.29,108.91,10.397,3.0022,65.597
15.051,1013.6,61.297,2.5379,24.245,1047,550.21,109.09,10.394,4.4249,68.517
14.778,1013.3,61.187,2.6415,23.776,1050.6,550.03,112,10.48,3.5882,66.726
13.978,1013.3,64.955,2.8962,23.716,1065.5,549.99,123.19,11.212,1.5888,64.52
13.406,1013.4,65.819,2.984,24.669,1070.3,549.98,126.71,11.379,3.2723,67.574
12.886,1013.5,67.933,2.6838,22.179,1052.1,548.43,114.57,10.732,2.9757,69.974
12.144,1013.4,73.372,2.5438,20.631,1045.2,549.62,108.83,10.347,3.2971,69.661
12.082,1013.3,70.08,2.5319,19.841,1042.5,548.7,107.61,10.318,5.2302,77.321
11.822,1013.1,69.529,2.562,19.787,1044.8,548.73,109.56,10.374,4.4778,74.417
11.485,1012.8,67.869,2.5027,19.816,1042.2,548.42,107.57,10.211,3.4072,74.731
9.119,1010,81.983,2.9768,23.047,1069.4,549.99,127.43,11.375,3.5148,74.125
10.889,1009.8,81.519,3.0334,25.359,1071.1,549.93,127.81,11.479,3.4035,69.244
12.83,1009.3,76.162,3.037,27.307,1069.9,549.91,126.3,11.504,4.4326,67.592
14.287,1008.6,65.791,3.016,26.678,1067.7,549.98,124.41,11.399,1.6836,64.547
14.609,1007.6,63.861,2.8447,25.372,1058.5,549.9,117.77,10.877,2.8504,66.574
14.446,1006.6,65.796,2.7371,24.993,1054.1,550.03,114.77,10.738,3.8048,67.867
13.641,1005.9,68.323,2.9194,26.803,1065,549.93,122.97,11.233,3.7255,67.537
12.765,1005.3,71.033,3.095,27.475,1073.2,550.12,129.26,11.536,3.4262,67.02
11.891,1005.2,73.596,3.0467,25.421,1072,550.09,128.8,11.542,3.4934,67.372
10.804,1004.8,76.464,3.0759,24.528,1073.2,549.81,130.05,11.526,3.8019,67.376
10.28,1004.6,78.09,2.6439,20.927,1050.7,549.83,113.69,10.559,4.6408,70.861
10.132,1004.3,77.921,2.518,20.224,1043.1,549.56,108.61,10.226,5.7342,72.832
10.244,1006.6,82.757,2.5596,19.355,1040.2,548.13,107.16,10.242,6.1757,77.617
9.8699,1006.1,89.7,3.0031,21.675,1063.6,550,123.18,11.172,4,68.524
9.9605,1006.7,89.136,3.1257,23.153,1072.4,549.94,129.22,11.516,3.5816,62.376
10.402,1007.1,88.45,3.1709,23.94,1077.1,550.07,132.82,11.766,3.5802,67.573
7.6562,1011.7,81.128,2.6518,20.448,1052.4,548.57,116.61,10.722,5.8825,78.098
7.9494,1012.8,77.65,2.9997,24.857,1071.1,549.9,128.79,11.431,4.708,86.578
7.9385,1014.1,69.698,2.9258,23.819,1068.6,549.86,127.03,11.427,5.0326,86.469
7.8428,1014.8,66.542,2.8579,23.043,1065.3,549.85,124.5,11.244,4.6051,87.479
7.3073,1015.2,65.111,2.6458,21.388,1049.7,546.41,115.7,10.695,6.9319,92.216
7.2203,1015.2,65.22,2.4903,20.304,1040.7,546.06,109.57,10.418,7.6942,92.622
6.7816,1015.8,68.489,2.506,19.821,1037,543.55,108.88,10.346,9.3843,98.564
5.9877,1016.4,71.767,2.5008,19.064,1035.7,542.68,108.7,10.284,9.9182,100.96
5.6008,1016.7,73.499,2.5134,18.84,1038.8,544.58,109.67,10.288,8.794,93.938
5.1726,1016.5,74.913,2.5208,18.77,1037.6,543.84,109.29,10.35,9.8988,101.24
4.9487,1016.6,75.855,2.8375,21.326,1061.2,548.91,122.96,11.11,6.32,91.484
4.7975,1016.5,76.23,2.6185,19.318,1042,544.23,111.84,10.569,9.9452,107.6
5.0235,1016.2,75.649,2.5391,18.525,1035.4,543.09,107.47,10.254,10.575,117.7
5.1583,1016.1,74.455,2.5576,18.49,1036.6,544.09,107.5,10.277,10.157,117.87
5.2835,1015.7,73.018,2.948,22.08,1067.5,549.98,126.22,11.375,4.6035,88.084
5.1128,1014.9,72.48,2.9794,22.773,1071.3,549.87,129.5,11.509,4.2077,87.223
5.0309,1014.5,73.514,2.8219,21.379,1063.2,550.11,123.16,11.116,4.6763,90.746
5.4319,1006.9,77.086,2.8084,21.821,1057.7,549.62,119.91,10.887,3.9899,78.696
5.9876,1006,77.561,3.0831,24.475,1073.4,550.07,131.11,11.614,2.9033,73.543
6.6794,1005.1,76.971,3.0756,25.193,1072.9,550.07,130.73,11.603,3.1585,72.356
7.5857,1004.3,75.043,3.105,26.09,1072.8,550.01,130.81,11.581,3.6337,71.979
8.5186,1003.1,72.428,3.0686,26.923,1072.8,549.92,130.63,11.591,3.6994,70.991
9.1883,1001.7,71.5,3.0963,27.856,1073.8,549.9,131.3,11.657,3.5288,70.602
9.2545,1000.6,72.587,3.0788,27.809,1071.5,549.88,129.66,11.479,3.7143,71.26
9.2562,1000.2,71.822,3.0969,27.947,1072.1,549.86,130.15,11.461,3.8382,72.226
8.6123,999.78,77.248,3.0807,28.164,1072.4,549.83,130.61,11.469,3.6476,72.005
7.853,999.18,81.121,3.0691,28.275,1072,549.81,130.41,11.452,3.7338,71.451
7.4249,999.24,85.678,3.1156,27.978,1073.5,549.8,131.62,11.559,3.6457,72.125
7.2395,999.56,86.267,3.16,27.717,1073.1,550,131.27,11.616,3.5966,71.366
6.5559,999.93,85.418,3.1036,27.119,1072.6,549.94,131.09,11.518,3.639,73.678
5.5465,1000.4,86.004,3.0637,25.91,1072,549.83,130.91,11.549,3.6991,74.229
5.1269,1000.9,85.179,3.0517,25.094,1071.6,549.82,130.62,11.582,3.899,75.688
5.256,1001.4,80.41,2.9979,24.975,1070.3,549.72,129.42,11.472,3.2291,74.827
5.2409,1002.1,79.993,2.9129,24.143,1065.2,549.62,125.58,11.252,3.3984,75.805
4.1109,1005.5,68.849,2.9371,22.547,1068.4,550.19,128.17,11.291,3.5466,80.101
4.1919,1005.9,69.698,2.9258,22.666,1068.9,549.86,128.44,11.331,3.4432,79.264
4.7371,1006.3,69.311,2.9963,22.906,1071.6,549.73,130.26,11.579,4.1276,78.216
5.1885,1006.5,69.087,3.0231,22.863,1073,549.83,131.5,11.494,3.3691,76.722
5.1338,1006.2,70.555,3.0155,22.883,1073.1,549.92,131.53,11.503,3.1401,76.259
5.1693,1005.6,71.033,3.0705,23.078,1073.3,550.01,131.71,11.655,3.3253,76.121
5.5214,1005.6,67.549,3.0654,23.259,1073.3,550.1,131.6,11.679,3.5421,77.195
5.0607,1005.9,71.686,3.0629,23.388,1073.8,550.19,132.2,11.531,3.7188,77.452
4.1871,1006.2,80.233,3.0306,22.809,1071.8,550.27,130.98,11.443,3.7501,77.662
3.9946,1006,79.58,3.1079,23.049,1073.2,550.31,130.95,11.53,3.5106,77.63
4.3167,1006.3,71.723,3.1529,23.503,1075.3,550.24,132.26,11.692,3.5003,76.916
4.4242,1006.5,67.562,3.1535,23.6,1075.7,550.14,132.53,11.623,3.4752,77.423
4.394,1006.7,66.381,3.0755,23.157,1072.8,550.04,130.48,11.617,3.7159,79.288
4.2522,1007.2,63.536,3.069,23.109,1072.6,549.99,130.47,11.627,3.475,79.465
3.8807,1007.4,67.98,3.0151,22.973,1071.3,549.97,129.7,11.491,3.6365,80.679
3.4978,1007.5,71.387,3.0024,22.67,1070.2,549.73,129.03,11.465,3.3729,80.736
3.1463,1007.3,67.558,2.857,21.458,1056,545.53,121.67,11.108,6.2064,93.352
3.0957,1007.1,64.109,2.5557,19.032,1039.4,545.16,109.92,10.407,7.0833,94.398
3.1732,1006.8,61.476,3.0689,22.969,1072.7,549.8,130.86,11.601,3.1955,81.463
3.2262,1006.4,60.659,3.0743,23.26,1073.3,549.84,131.19,11.527,3.3058,81.464
3.0143,1006.5,66.858,2.8807,22.022,1065.4,549.94,125.4,11.241,3.7085,83.21
2.2463,1006.9,74.817,2.6878,20.279,1054.2,549.1,118.04,10.796,4.8379,85.315
2.0679,1006.8,72.483,3.0062,22.794,1071.4,550.02,130.16,11.432,3.4167,80.795
2.1264,1006.9,72.847,3.0763,23.389,1074.8,549.88,132.84,11.594,3.155,80.721
2.231,1006.8,74.209,3.039,23.025,1072.8,549.81,131.15,11.49,3.2811,80.249
2.1893,1006.7,75.581,3.0408,23.011,1072.5,549.86,130.9,11.478,3.5135,80.92
2.7241,1006.6,75.729,3.0389,22.875,1071.9,549.91,130.23,11.539,3.6566,80.241
3.8944,1006.3,55.735,3.0641,23.778,1073.6,550.07,131.36,11.645,3.5076,81.281
4.2398,1006.1,52.061,3.0329,23.887,1073.8,549.97,131.83,11.668,3.3821,80.847
3.997,1006.1,51.986,2.9971,23.645,1072.6,549.82,131.05,11.626,3.4728,82.363
3.3698,1006.4,65.838,2.9961,23.24,1073,549.8,131.79,11.633,2.9126,82.029
3.05,1006.6,57.979,3.0086,23.334,1072.9,549.89,131.61,11.504,3.266,83.305
3.0374,1006.8,54.569,2.9852,23.226,1072.4,549.88,131.15,11.469,3.4727,85.137
2.7798,1007.3,53.732,2.9744,23.135,1072.9,549.83,131.7,11.567,3.49,84.552
2.4036,1007.6,67.378,2.9389,23.124,1072.9,549.78,131.77,11.515,3.5062,84.18
1.5901,1007.9,76.233,2.9865,23.287,1074.2,549.98,132.46,11.584,3.3767,83.167
0.80278,1008,80.572,3.0086,23.316,1073.7,550.45,130.51,11.606,3.2397,83.627
0.68786,1008.2,79.718,3.0439,23.562,1074.8,550.31,131.24,11.714,3.2272,83.335
1.2773,1008.5,76.394,3.0112,23.431,1073.8,550.17,130.33,11.663,3.2577,83.345
1.5348,1009,83.067,3.0899,23.316,1074.6,550.01,131.04,11.665,2.875,80.361
1.5666,1009.4,81.275,3.0783,23.163,1073.4,549.99,129.88,11.581,3.0398,79.576
1.6121,1009.8,79.747,3.0335,22.834,1071.5,550.01,128.5,11.51,3.1211,80.86
1.3434,1010,76.651,3.0042,22.966,1071.9,549.88,128.91,11.485,3.0354,82.797
1.0611,1010.4,73.534,2.8175,21.938,1065.1,550.01,123.76,11.196,3.3262,86.314
0.30597,1010.6,73.651,2.8252,21.739,1064.4,550.07,123.5,11.198,4.072,87.503
0.029238,1011.1,73.798,2.8775,22.055,1066.8,549.75,125.39,11.303,3.8125,87.289
0.037561,1011.4,75.725,3.0102,23.11,1073.3,550,130.19,11.521,3.2779,85.41
0.45127,1012,79.678,2.8456,21.607,1064.3,550.24,123.33,11.134,3.546,85.02
1.259,1012.4,73.502,2.9827,23.111,1073.5,549.6,130.73,11.632,3.8357,84.4
1.5433,1013.2,68.128,2.9119,23.236,1074,549.74,132.56,11.664,4.3983,86.198
1.4445,1014.2,65.652,4.0765,33.472,1099.8,531.78,166,14.103,2.9881,67.035
1.2749,1015.1,59.768,4.0759,33.329,1099.9,531.62,166.13,14.124,2.2512,65.907
1.1118,1015.3,58.826,2.8765,24.985,1072.4,550,131.36,11.644,3.3748,87.275
0.73227,1015.6,63.763,2.9094,24.755,1072.5,550.11,131.5,11.604,3.2149,86.177
0.87173,1015.8,65.276,2.9341,24.751,1073.6,550.13,132.17,11.671,3.2194,84.758
1.2727,1016.2,62.613,2.892,24.78,1071.8,550.14,130.71,11.595,3.2996,84.991
1.0452,1016.8,66.167,2.9381,24.992,1073.5,550.12,132.02,11.557,3.1503,84.355
0.50201,1017.5,74.177,2.9418,24.244,1072.4,550.1,131.38,11.472,3.1906,84.185
0.48596,1017.8,72.909,2.9611,23.865,1073.5,550.07,132.15,11.57,3.0545,83.888
0.73617,1018.3,66.406,2.9743,23.827,1074.5,550.05,132.75,11.733,3.1456,84.701
0.91163,1018.3,63.788,2.9604,23.796,1074,550.05,132.31,11.553,3.2298,84.546
0.94035,1018.5,67.144,2.9282,23.672,1073.9,550.1,132.2,11.69,3.6953,85.816
0.8946,1018.7,69.588,2.9385,23.495,1073.7,550.15,132,11.66,3.5541,84.717
1.0762,1018.6,68.081,2.9569,23.788,1073.4,549.9,131.6,11.656,3.0964,85.333
1.0584,1018.5,67.616,2.8852,23.699,1071.5,549.73,129.98,11.55,3.5787,86.878
1.1738,1018.9,70.021,2.5824,21.963,1054,549.68,116.82,10.706,5.1038,87.076
1.0454,1019.1,73.382,2.5217,20.989,1029.8,536.53,109.77,10.524,11.084,111.71
1.0727,1019,73.709,2.5452,20.179,1042.9,545.65,111.37,10.54,5.8422,95.307
1.2314,1019.1,72.604,2.6537,20.547,1053.2,549.91,114.19,10.623,3.9459,82.881
1.429,1019.2,70.8,2.6227,20.523,1052.2,549.6,113.41,10.579,5.0132,85.733
1.3987,1019.3,69.757,2.6975,20.774,1056.4,549.98,116.69,10.74,4.912,89.463
1.425,1019.5,70.275,2.7867,20.971,1060.9,550.13,120.2,10.914,4.1917,84.918
1.6725,1019.8,69.382,2.9439,22.694,1072.2,550.01,130.37,11.47,3.4392,84.328
1.8847,1020.2,68.463,2.9144,22.8,1072.4,549.99,130.68,11.47,3.7656,84.586
2.2188,1020.2,68.068,2.9267,22.706,1071.8,550,130.19,11.451,3.5693,83.93
2.6183,1020.2,67.148,2.9298,22.84,1072.7,549.98,130.75,11.615,3.3013,83.363
3.0567,1020.2,68.353,2.6557,20.627,1045,541.91,116.49,10.796,7.5053,93.837
3.3049,1020.3,68.482,2.6984,20.758,1046.4,541.85,117.7,10.903,8.0892,96.886
3.4187,1020.5,67.027,3.8248,30.195,1091.9,536.53,155.29,13.428,2.8103,67.444
3.3927,1020.7,65.113,4.176,33.169,1100,531.02,165.79,14.203,2.5674,62.111
3.4429,1021.1,63.454,4.1898,33.215,1099.9,530.51,165.96,14.252,2.3782,61.251
3.2705,1021.6,61.768,4.1875,33.162,1099.9,530.34,166.27,14.232,2.3937,61.159
3.0596,1021.8,63.605,2.9583,22.709,1071.9,549.47,130.41,11.466,3.4305,81.53
2.8919,1022.1,71.934,2.9256,22.659,1071.4,549.66,129.95,11.443,3.7156,81.642
2.8899,1021.9,75.523,2.9342,22.58,1071.4,549.75,130,11.552,3.5399,80.551
3.0561,1022,76.643,2.9686,22.701,1072.5,549.85,130.68,11.588,3.3109,79.5
3.4725,1021.9,71.216,3.0488,23.053,1074.6,550.17,131.51,11.718,3.3034,80.088
3.8334,1021.5,67.958,3.0822,23.254,1075.4,549.65,131.64,11.737,3.1375,80.572
3.9999,1021.1,65.884,2.6374,19.848,1050.6,548.52,114.23,10.686,5.588,89.783
4.1174,1020.9,65.51,2.7882,20.721,1059.3,549.71,119.73,11.011,4.2887,83.589
4.0607,1021,66.268,3.0356,22.879,1073.5,550.02,130.2,11.567,3.4608,80.656
3.7793,1020.8,66.117,2.9969,22.553,1070.6,549.02,128.41,11.517,4.0081,85.055
3.4995,1020.5,71.071,2.967,22.307,1070.2,549.63,128.42,11.401,3.9401,85.408
3.542,1020.5,73.655,2.9173,22.142,1068.7,549.58,126.71,11.281,3.9718,81.68
12.595,1016.8,73.945,3.534,27.074,1080.4,544.25,137.93,12.306,9.5956,76.519
14.02,1017.4,66.841,3.3212,25.724,1079.8,550.12,133.03,11.902,3.4915,65.311
14.7,1017.9,62.746,3.2624,25.547,1077.8,549.91,131.47,11.808,4.9854,65.415
15.413,1018,59.765,3.258,25.596,1078,549.94,131.51,11.864,1.5543,62.899
15.855,1017.8,58.259,3.2303,25.332,1076.7,549.94,130.51,11.762,3.7755,66.504
16.474,1017.5,56.423,3.2239,26.165,1076,549.84,129.59,11.765,1.8675,62.378
16.898,1017.5,55.546,3.222,25.952,1076.9,550.04,130.24,11.797,3.8102,65.624
16.002,1017.4,59.32,3.1682,24.565,1076.8,550.25,130.37,11.79,5.8117,69.248
14.812,1017.6,61.909,3.0995,24.178,1075.1,550.18,129.59,11.645,4.092,65.793
13.98,1017.7,64.749,3.1212,23.959,1074.5,550.08,129.35,11.595,5.8469,70.197
13.839,1018,65.923,3.1173,24.178,1075.2,550.02,129.88,11.698,4.5129,65.804
13.504,1018.2,68.941,3.112,24.052,1075.3,549.96,130.11,11.628,3.8223,65.767
12.832,1017.9,68.714,3.1105,23.806,1074.2,549.96,129.53,11.699,3.9098,67.557
11.828,1017.9,71.616,3.1035,23.734,1074.3,550.19,130.05,11.646,3.9376,69.254
10.48,1017.7,76.678,3.1246,23.776,1074.4,550.35,130.54,11.63,4.021,70.652
9.4074,1017.1,80.061,3.2041,24.595,1075,548.3,132.26,11.792,3.6098,69.996
8.5592,1016.8,82.746,2.7506,21.593,1046.8,545.22,114.15,10.71,6.8793,82.49
8.3631,1016.3,83.428,2.6437,20.003,1042.7,547.78,109.45,10.327,6.1802,78.679
7.9141,1015.6,83.46,2.5913,19.453,1041.5,547.27,108.87,10.295,6.7888,79.73
8.0085,1015,83.666,2.5548,19.369,1043,548.24,109.21,10.23,6.3132,78.284
7.8829,1014.6,82.018,2.5656,19.265,1041.8,547.76,108.71,10.234,6.3816,78.726
7.5683,1014.2,81.741,2.9024,21.695,1060.7,549.06,121.82,11.015,4.8897,75.107
7.7961,1013.9,81.518,2.75,20.218,1052.8,549.36,115.41,10.668,5.1391,75.341
7.9086,1013.6,80.602,2.8914,21.697,1061.8,549.69,122.29,11.042,4.847,74.814
9.6791,1013.3,80.929,3.1649,24.573,1076.1,550.16,131.39,11.68,3.4689,66.617
12.767,1012.5,74.004,3.5406,29.357,1092,549.97,142.45,12.462,3.0183,66.941
14.67,1011.9,62.922,4.0837,32.662,1099.9,539.55,154.37,13.565,3.7527,62.488
15.4,1011.3,59.436,4.0848,33.096,1100,539.45,155,13.579,1.7413,59.782
15.72,1010.4,57.997,2.9477,26.461,1063.1,549.61,121,11.122,1.6456,62.771
16.258,1009.2,57.716,2.8285,25.209,1056.2,550.11,115.76,10.731,3.9159,65.151
16.829,1008.6,55.891,3.2465,27.018,1076.5,550.03,130.24,11.753,2.2225,61.563
16.748,1008.2,57.294,3.1009,25.047,1070.6,549.84,126.24,11.444,4.0348,66.023
15.132,1007.3,61.475,2.6113,23.648,1046.5,550.38,109.17,10.242,5.0106,67.796
14.246,1006.6,59.899,2.9705,26.472,1061.7,548.23,121.65,11.133,4.6019,68.949
13.423,1006.3,62.495,3.131,26.054,1075.8,549.92,130.96,11.641,4.5105,69.748
12.267,1005.8,66.532,3.1685,25.211,1074.4,550.03,130.45,11.634,4.6053,67.144
11.066,1005.2,72.984,2.8864,22.466,1060.7,549.97,120.66,11.03,4.8431,70.176
10.562,1005,75.919,2.5923,20.298,1045.9,550.27,109.89,10.333,6.1161,73.987
10.577,1004.9,75.653,2.9199,22.615,1062.8,549.59,122.52,11.158,4.8621,72.008
10.931,1005.1,74.395,2.6084,20.184,1044.3,548.83,109.4,10.348,5.5588,74.974
11.035,1006,76.357,2.6083,18.891,1045.6,549.93,109.45,10.334,5.0943,72.227
10.649,1006.3,79.116,2.6181,19.16,1044.5,549.8,108.86,10.31,5.3335,73.659
10.429,1006.4,81.364,2.6201,18.989,1045.7,549.72,109.54,10.367,5.0362,70.106
10.283,1006.4,83.959,2.6524,19.008,1046,550.03,109.69,10.341,4.9891,70.329
9.8121,1006.5,87.008,2.7059,19.321,1045.9,549.6,109.75,10.377,4.9656,70.267
9.4446,1006.9,88.032,2.6932,19.474,1045.7,549.1,110.01,10.241,5.7676,75.106
9.359,1007.4,87.486,2.712,19.592,1047.7,549.52,111.51,10.448,5.6001,75.788
9.3987,1008,88.418,2.6974,19.685,1048.9,549.88,112.19,10.441,5.2804,73.293
9.903,1008.8,88.147,4.2491,33.11,1099.9,535.44,159.73,13.836,2.8986,58.775
10.923,1009.3,86.637,4.2062,32.478,1100.1,537.1,158.33,13.772,5.1988,57.464
11.904,1009.9,82.827,4.1298,32.468,1099.9,538.03,157.17,13.719,4.2951,61.37
12.766,1010.3,77.98,4.0393,32.012,1100,540.17,155.39,13.527,0.92492,55.78
13.496,1010.4,75.301,4.0312,31.147,1100,541.15,154.71,13.489,0.21836,55.924
13.975,1010.5,74.276,4.0936,31.544,1100,539.75,155.61,13.533,0.22597,57.884
14.481,1010.9,71.463,4.0945,32.06,1100,538.6,156.14,13.648,3.6662,63.697
14.552,1011.2,70.757,4.0971,31.947,1100.1,538.87,156.23,13.631,4.2145,61.829
14.185,1011.6,72.201,4.1248,32.541,1100,537.92,156.7,13.67,2.2108,59.028
13.781,1012,71.968,4.1272,32.434,1100,538.55,156.57,13.662,3.1643,61.985
12.799,1012.7,76.101,4.1545,32.366,1099.8,537.44,157.68,13.727,3.589,61.698
11.224,1013.5,77.121,4.0739,31.95,1099.4,537.64,157.69,13.672,3.3595,62.057
10.624,1014.2,78.539,3.1183,24.858,1073.1,549.94,129.41,11.658,3.9955,68.03
10.494,1015,78.187,3.1338,24.182,1074.5,550.14,130.36,11.705,3.4272,67.203
10.414,1015.4,77.333,3.1712,23.872,1075,550.43,130.79,11.749,3.6166,68.72
10.254,1015.5,76.442,3.1349,23.591,1074,550.22,130.09,11.647,3.61,70.571
10.06,1015.9,76.712,2.9821,22.213,1065.7,549.84,123.99,11.253,4.0843,71.352
10.124,1016.3,77.116,2.5997,19.456,1042,548.24,107.73,10.345,5.6966,77.966
9.709,1016,73.986,2.5142,20.71,1041.6,547.69,108.1,10.354,6.4128,81.679
9.3181,1015.9,73.172,2.5626,20.512,1042.6,548.5,108.18,10.225,6.0387,80.473
9.2827,1016.1,74.355,2.5902,20.043,1043.5,548.66,108.6,10.217,6.0733,79.979
9.1334,1016.4,73.903,2.563,19.346,1044.1,549.23,108.65,10.242,5.7139,78.205
9.0937,1016.6,71.624,2.5663,19.252,1044.3,549.12,108.81,10.251,5.589,78.452
9.0798,1016.9,69.299,2.5677,19.039,1043.9,548.9,108.77,10.268,5.6366,79.623
9.2411,1017.4,69.21,2.5752,18.729,1043.6,548.71,108.57,10.258,5.6647,79.315
9.4716,1017.5,67.14,2.9062,21.658,1061,549,121.3,11.048,4.6415,76.838
9.9885,1017.4,67.52,4.1613,32.573,1100,536.04,158.95,13.774,2.6212,59.619
10.755,1017.4,66.106,4.0928,31.808,1099.9,537.88,157.61,13.667,3.0916,61.137
11.315,1016.9,62.788,4.1573,32.336,1099.9,536.3,158.51,13.765,2.8986,61.178
11.66,1016.5,63.716,4.1149,31.837,1100,537.73,157.53,13.7,2.9121,61.46
11.684,1016,62.127,4.1119,31.917,1099.9,537.92,157.25,13.731,3.1524,62.335
11.472,1015.6,60.817,4.1403,31.975,1100,537.32,157.62,13.752,3.1889,61.777
11.346,1015.3,62.622,4.1736,32.328,1099.9,536.45,158.41,13.736,3.2912,62.081
10.632,1015.4,63.886,2.6506,22.764,1048.4,549,111.66,10.39,5.0795,75.014
9.9123,1015.7,65.732,3.9673,32.421,1092,536.66,153.16,13.359,3.3303,65.468
9.4297,1015.8,68.739,3.0937,26.029,1073,549.91,129.47,11.553,3.2123,71.241
9.1005,1015.8,70.585,3.1016,25.915,1073.3,549.8,129.79,11.621,3.5462,70.947
8.8497,1015.9,70.773,3.0897,24.567,1073.5,549.64,130.01,11.674,3.5484,71.582
8.5532,1015.9,72.74,3.3871,26.008,1086.3,549.5,139.94,12.249,3.1642,70.167
8.2814,1015.9,73.687,2.9674,24.085,1062.6,547.47,123.91,11.309,5.0479,76.98
7.811,1015.9,73.624,2.5919,21.351,1036.2,543.81,107.77,10.355,7.8308,87.088
7.3246,1015.9,75.061,2.5819,21.544,1042.4,547.1,109.71,10.359,6.2558,80.166
6.9412,1015.7,77.08,2.6246,20.911,1042.8,547.34,109.96,10.431,6.2459,79.034
6.5455,1015.4,78.127,2.6171,19.913,1041.8,546.54,110.07,10.415,6.4169,79.254
5.6789,1015.2,78.47,2.6315,19.184,1034.5,541.57,109.13,10.398,8.5467,88.455
4.8889,1015.1,80.366,2.6459,19.019,1037,542.85,109.9,10.379,7.2702,85.342
4.0607,1015.3,81.263,2.6603,19.018,1036.7,542.46,110.1,10.368,7.7023,86.893
3.7614,1015.7,83.051,2.7408,19.683,1041.5,543.02,113.38,10.652,7.5033,88.052
4.7199,1016,85.487,3.1142,24.435,1073.1,549.77,130.69,11.599,3.1475,75
7.0325,1016.2,85.37,3.1558,26.557,1073,549.84,129.76,11.637,2.6818,71.865
9.4694,1016,74.788,3.1241,26.931,1072.4,549.89,128.94,11.618,5.0316,76.408
10.987,1015.6,69.34,3.1942,28.591,1074.2,549.84,130,11.707,2.4072,68.453
11.966,1015.1,65.115,3.2169,29.387,1075.2,549.85,130.55,11.639,2.8703,70.43
12.235,1014.6,65.114,3.1519,28.254,1072.6,549.97,128.69,11.552,3.2649,71.276
