254,-5.2,37,2.2,2000,-17.6,0,0,0
204,-5.5,38,0.8,2000,-17.6,0,0,0
173,-6,39,1,2000,-17.7,0,0,0
107,-6.2,40,0.9,2000,-17.6,0,0,0
78,-6,36,2.3,2000,-18.6,0,0,0
100,-6.4,37,1.5,2000,-18.7,0,0,0
181,-6.6,35,1.3,2000,-19.5,0,0,0
460,-7.4,38,0.9,2000,-19.3,0,0,0
930,-7.6,37,1.1,2000,-19.8,0.01,0,0
490,-6.5,27,0.5,1928,-22.4,0.23,0,0
339,-3.5,24,1.2,1996,-21.2,0.65,0,0
360,-0.5,21,1.3,1936,-20.2,0.94,0,0
449,1.7,23,1.4,2000,-17.2,1.11,0,0
451,2.4,25,1.6,2000,-15.6,1.16,0,0
447,3,26,2,2000,-14.6,1.01,0,0
463,2.1,36,3.2,2000,-11.4,0.54,0,0
484,1.2,54,4.2,793,-7,0.24,0,0
555,0.8,58,1.6,2000,-6.5,0.08,0,0
862,0.6,66,1.4,2000,-5,0,0,0
600,0,77,1.7,2000,-3.5,0,0,0
426,-0.3,79,1.5,1913,-3.5,0,0,0
405,-0.8,81,0.8,1687,-3.6,0,0,0
398,-0.9,83,1.5,1380,-3.4,0,0,0
323,-1.3,84,1,1265,-3.6,0,0,0
328,-1.8,87,1.1,994,-3.6,0,0,0
308,-2.2,86,0.6,990,-4.2,0,0,0
262,-2.9,86,1.5,1256,-4.9,0,0,0
167,-3.5,81,2.2,1221,-6.2,0,0,0
89,-3.8,79,2,1167,-6.9,0,0,0
79,-4,79,1.5,1202,-7.1,0,0,0
70,-4.3,82,2.1,1178,-6.9,0,0,0
146,-4.4,81,2.5,1276,-7.1,0,0,0
219,-4.2,79,2.1,1436,-7.3,0.01,0,0
328,-2.9,68,1.6,1487,-7.9,0.3,0,0
334,-0.4,57,1.6,1309,-7.8,0.8,0,0
388,1.9,49,1.8,1406,-7.7,1,0,0
479,4.3,41,1.3,1666,-7.8,1.09,0,0
606,6,36,1.8,1780,-7.9,1.12,0,0
611,7.3,35,1.3,1955,-7.1,0.99,0,0
589,7.6,41,2.3,1953,-4.8,0.74,0,0
618,6.4,48,2.6,1945,-3.8,0.22,0,0
572,6,51,2.5,1891,-3.3,0.06,0,0
489,5.5,53,1.5,1697,-3.3,0,0,0
385,5,52,2.3,1666,-4,0,0,0
359,4.6,51,1.2,1585,-4.6,0,0,0
377,4.1,55,1.2,1448,-4.1,0,0,0
354,3.5,54,1.5,1446,-4.9,0,0,0
366,4,56,1,1352,-4,0,0,0
342,4,58,1.4,1296,-3.5,0,0,0
227,3.9,69,1.7,485,-1.2,0,0,0
228,3.3,79,1.4,830,0,0,0,0
117,3.4,71,1.6,1011,-1.3,0,0.5,0
76,3.5,73,1,1060,-0.8,0,0,0
32,3.9,75,1.9,914,-0.1,0,0,0
13,3.4,86,2.5,278,1.2,0,1,0
22,3.1,91,1.2,129,1.7,0,0,0
85,3.2,92,1.8,244,2,0,0,0
152,3.5,91,1.8,231,2.1,0.02,2.5,0
200,4.4,89,2.2,257,2.7,0.24,0,0
273,5.1,87,1.4,321,3.1,0.25,0,0
333,5.8,85,1.7,349,3.4,0.43,0,0
495,6.8,81,1.9,390,3.7,0.6,0,0
563,7.6,76,1.2,422,3.6,0.69,0,0
621,8,73,1.6,433,3.4,0.53,0,0
598,7.6,77,1.6,399,3.8,0.2,0,0
545,6.7,82,1.5,358,3.8,0.05,0,0
443,6,84,1.9,327,3.4,0,0,0
422,5.7,85,1.7,309,3.3,0,0,0
397,5.2,87,1.4,253,3.2,0,0,0
385,4.7,87,1.2,247,2.7,0,0,0
350,4.3,89,1.8,201,2.6,0,0,0
303,3.9,90,1.3,194,2.4,0,0,0
285,4.2,88,0.6,216,2.3,0,0,0
186,4.3,87,0.5,221,2.3,0,0,0
112,4.4,87,1.8,207,2.4,0,0,0
65,3.6,85,2.3,206,1.3,0,0,0
41,2.8,89,1.5,130,1.1,0,0,0
82,2,83,2.7,253,-0.5,0,0,0
200,1.2,76,3.7,371,-2.5,0,0.1,0
498,0.2,68,3.4,702,-5,0,0,0
937,-0.8,69,3.5,954,-5.7,0.01,0,0
509,-1.5,47,4.2,1888,-11.3,0.22,0,0
311,-1.1,40,4.5,2000,-13,0.64,0,0
379,-0.5,41,4.1,1799,-12.1,0.94,0,0
393,-0.3,38,4.8,1823,-12.9,1.11,0,0
391,0,30,5.4,1938,-15.5,1.17,0,0
338,0.1,27,4.5,2000,-16.7,1.09,0,0
341,-0.1,25,5.8,2000,-17.8,0.88,0,0
375,-0.2,23,4.7,2000,-18.8,0.55,0,0
515,-1.3,26,5.3,2000,-18.3,0.18,0,0
807,-2.1,29,3.9,2000,-17.7,0,0,0
568,-2.9,32,3.2,2000,-17.3,0,0,0
398,-3.6,38,3,2000,-15.8,0,0,0
397,-4.6,43,4.5,2000,-15.3,0,0,0
353,-5.3,45,2.5,2000,-15.3,0,0,0
248,-5.8,44,2.4,2000,-16.1,0,0,0
216,-6.1,42,2.6,2000,-16.9,0,0,0
198,-6.5,41,2.8,2000,-17.6,0,0,0
124,-6.8,41,2.5,2000,-17.8,0,0,0
62,-6.9,39,2,2000,-18.5,0,0,0
42,-7.2,34,3,2000,-20.4,0,0,0
82,-7.4,33,2.6,2000,-20.9,0,0,0
172,-7.4,34,3.2,2000,-20.6,0,0,0
381,-7.5,33,2.2,2000,-21,0,0,0
812,-8.1,36,1.6,2000,-20.5,0.01,0,0
462,-7.6,31,1.3,1974,-21.8,0.21,0,0
269,-5.5,26,2.8,1967,-22,0.64,0,0
334,-3.9,25,0,1959,-21,0,0,0
321,-2.3,25,0,1962,-19.7,0,0,0
325,-1.6,27,0,1955,-18.2,0,0,0
334,-1.1,28,0,2000,-17.3,0,0,0
353,-0.7,28,0,2000,-16.9,0,0,0
435,-0.5,30,0,2000,-16,0,0,0
529,-1.6,35,0,2000,-15.1,0,0,0
789,-2.6,40,0,2000,-14.4,0,0,0
597,-3.2,45,0,2000,-13.5,0,0,0
418,-3.5,46,0,2000,-13.4,0,0,0
415,-3.7,47,0,2000,-13.3,0,0,0
393,-2.8,49,0,2000,-12,0,0,0
244,-2.5,59,0,1210,-9.4,0,0,0
145,-2.8,77,0,331,-6.2,0,0.1,0.1
144,-3,79,0,293,-6.1,0,0,0.3
117,-3,79,0,1862,-6.1,0,0,0.4
78,-3.2,78,0,1808,-6.4,0,0.2,0.4
58,-3.4,75,0,1982,-7.2,0,0,0.4
87,-3.6,76,0,1934,-7.2,0,0,0.4
142,-3.7,76,0,1864,-7.3,0,0,0.4
379,-4.2,77,0,1741,-7.6,0,0,0.3
802,-4.2,78,0,1518,-7.4,0.01,0,0.2
440,-3.3,70,0,1324,-7.9,0.25,0,0.2
307,-0.9,64,0,1224,-6.8,0.63,0,0.2
381,1.6,57,1.2,1261,-6,0.93,0,0
405,2.4,52,0.9,1224,-6.4,1.08,0,0
442,4.2,47,1.1,1469,-6.1,1.1,0,0
416,5.5,34,1,1966,-9.1,0.96,0,0
412,5.5,31,3.1,1968,-10.3,0.72,0,0
496,5.3,37,2.9,2000,-8.2,0.36,0,0
239,4.1,60,2.5,1565,-2.9,0.1,0,0
204,1.7,90,1,66,0.2,0,0.3,0.3
205,1.2,92,0.7,180,0,0,0,1
190,1.2,94,0.6,228,0.3,0,0,1
165,1.1,92,0.5,235,0,0,0.7,1
222,1.3,92,0.6,233,0.1,0,0,1
193,1.3,92,0.6,209,0.1,0,0,1
198,1.4,92,0.5,240,0.2,0,0,0.9
218,1.5,92,0.4,227,0.3,0,0,0.9
149,1.4,92,0.7,168,0.2,0,0,0.9
102,1.9,91,1.4,218,0.5,0,0,0.9
62,1.6,92,0.7,119,0.4,0,0,0.9
83,1.5,92,1.1,175,0.3,0,0,0.9
137,1,93,0.5,148,0,0,0,0.9
367,0.3,93,0.5,173,-0.7,0,0,0.9
754,-0.2,96,0.8,173,-0.7,0.01,0,0.8
415,0.1,91,0.8,265,-1.1,0.14,0,0.8
321,1.1,83,0.7,311,-1.4,0.41,0,0.7
333,2.3,69,1.7,628,-2.8,0.63,0,0.6
431,3.7,65,2.4,833,-2.2,0.98,0,0.3
394,4.1,37,3.1,1767,-9.3,1.14,0,0
390,4.4,36,2.7,1975,-9.4,1.04,0,0
430,4,35,3.1,1962,-10.1,0.84,0,0
471,3.2,38,2.9,1817,-9.7,0.51,0,0
552,2.1,50,2,1434,-7.2,0.15,0,0
795,0.7,46,2.7,1558,-9.6,0,0,0
507,-0.4,47,2.5,1269,-10.3,0,0,0
390,-1.4,47,2.5,1620,-11.2,0,0,0
402,-2.2,46,2.2,1975,-12.2,0,0,0
389,-2.7,48,2.6,1844,-12.2,0,0,0
259,-3.2,50,2.1,1887,-12.1,0,0,0
233,-3.5,49,2.6,1893,-12.6,0,0,0
230,-3.7,50,2.5,1902,-12.6,0,0,0
131,-4.3,53,1,1918,-12.4,0,0,0
99,-4.8,52,1.6,1978,-13.1,0,0,0
71,-5.3,53,2.4,1936,-13.4,0,0,0
84,-5.8,56,2,1941,-13.1,0,0,0
158,-6,56,3.5,1853,-13.3,0,0,0
387,-6.5,57,0.8,1776,-13.6,0,0,0
780,-7,59,0.8,1559,-13.6,0.01,0,0
395,-6.7,50,0.9,1492,-15.4,0.23,0,0
261,-5.3,44,2.8,1516,-15.6,0.63,0,0
310,-3.7,39,1.4,1595,-15.6,0.93,0,0
355,-2,30,1.4,1728,-17.3,1.14,0,0
354,-1.7,28,1.8,1963,-17.8,1.22,0,0
350,-1.3,27,3.1,1906,-17.9,1.12,0,0
362,-0.8,26,3.3,1977,-17.9,0.87,0,0
401,-1.1,24,3.4,2000,-19.1,0.56,0,0
500,-2.4,30,2.7,2000,-17.6,0.18,0,0
752,-3.1,33,1.2,2000,-17.1,0,0,0
477,-3.3,35,1.1,2000,-16.6,0,0,0
384,-3.3,34,1.5,2000,-16.9,0,0,0
336,-3.3,35,0.5,2000,-16.6,0,0,0
347,-3.4,39,1.2,2000,-15.4,0,0,0
275,-3.5,43,0.9,2000,-14.3,0,0,0
267,-3.5,48,0.9,1967,-12.9,0,0,0
296,-4.1,49,0.6,2000,-13.2,0,0,0
237,-4.7,50,0.7,1983,-13.5,0,0,0
169,-4.3,47,0.6,1992,-13.9,0,0,0
96,-4.3,49,0.7,2000,-13.4,0,0,0
56,-4.7,49,0.8,1999,-13.8,0,0,0
76,-5.1,53,0.9,1975,-13.2,0,0,0
127,-5.5,56,0.8,1950,-12.9,0,0,0
222,-5.4,56,0.7,1940,-12.8,0.01,0,0
291,-4.7,48,1,1784,-14,0.23,0,0
273,-2.2,42,1.3,1646,-13.4,0.61,0,0
351,0,45,1.1,1500,-10.5,0.89,0,0
427,2.4,40,0.8,1809,-9.8,1.05,0,0
431,3.9,36,2,1702,-9.8,1.13,0,0
486,4.7,32,2.2,1948,-10.6,1.06,0,0
569,5.2,30,2,1963,-11,0.84,0,0
546,4.4,33,1.6,1963,-10.5,0.4,0,0
481,3.5,37,1.8,1963,-9.8,0.1,0,0
384,2.5,41,1,1974,-9.4,0,0,0
275,1.5,48,0.4,1878,-8.3,0,0,0
298,0.8,51,1.4,1848,-8.2,0,0,0
321,-0.1,55,0.7,1654,-8,0,0,0
289,-0.5,55,0.6,1655,-8.4,0,0,0
265,-0.1,54,1.3,1570,-8.3,0,0,0
326,-0.2,55,1,1629,-8.1,0,0,0
280,-0.2,54,0.5,1747,-8.4,0,0,0
243,0.2,52,0.7,1726,-8.5,0,0,0
169,0.3,53,0.5,1748,-8.1,0,0,0
71,0.4,52,1.6,1816,-8.3,0,0,0
13,0.3,74,1,178,-3.7,0,0,0.7
9,-0.5,90,0.9,91,-1.9,0,2.5,2.7
20,-0.4,92,1.1,121,-1.5,0,0,4
35,-0.2,90,1.2,378,-1.6,0,0,4.1
31,0.2,90,1,305,-1.2,0,1.6,4.3
19,0.5,91,0.4,143,-0.8,0,0,4.3
58,0.9,92,0.9,137,-0.2,0.03,0,3.9
119,2.3,88,0.3,245,0.5,0.28,0,3.1
182,3.3,87,1.1,230,1.3,0.54,0,2.1
235,4.2,85,0.7,325,1.8,0.65,0,1.4
180,6.7,63,4.5,715,0.1,0.35,0,1
214,5.4,71,3.5,622,0.5,0.2,0,0.5
226,3.6,65,4.3,1061,-2.3,0.03,0,0.4
210,2,61,3,2000,-4.7,0,0,0
181,1.6,53,4,2000,-6.9,0,0,0
165,0.6,57,3.9,1954,-6.9,0,0,0
167,0,59,3,1862,-7,0,0,0
152,-1,56,4.7,2000,-8.6,0,0,0
148,-1.4,43,4.3,2000,-12.3,0,0,0
125,-2.5,39,3.4,2000,-14.5,0,0,0
111,-3.4,36,3.8,2000,-16.3,0,0,0
67,-4.2,35,3.4,2000,-17.4,0,0,0
45,-4.7,38,2.4,2000,-16.8,0,0,0
44,-5.2,35,3.2,2000,-18.3,0,0,0
86,-5.6,38,3.2,1974,-17.6,0,0,0
136,-5.9,39,2.9,1979,-17.6,0,0,0
325,-6,39,3.1,1996,-17.7,0,0,0
653,-6,38,3.6,1994,-18,0.01,0,0
326,-5.9,36,5.1,1941,-18.6,0.1,0,0
212,-5.3,32,4.5,2000,-19.4,0.62,0,0
226,-4.7,36,3.8,2000,-17.5,1,0,0
247,-5.2,33,4.6,1973,-19,1.26,0,0
241,-5.4,32,5.1,1986,-19.5,1.24,0,0
253,-5.4,31,4.1,1945,-19.9,1.13,0,0
269,-5.5,33,4.5,2000,-19.2,0.92,0,0
277,-6,40,4,2000,-17.4,0.55,0,0
361,-7.1,44,4.2,2000,-17.3,0.18,0,0
557,-7.9,43,3.3,2000,-18.3,0,0,0
371,-8.6,45,3.9,2000,-18.4,0,0,0
254,-9.3,49,3.8,2000,-18,0,0,0
266,-9.7,51,2.5,2000,-17.9,0,0,0
222,-10.2,50,3,2000,-18.6,0,0,0
174,-10.7,53,1.2,2000,-18.4,0,0,0
133,-11,51,1.1,2000,-19.1,0,0,0
127,-11.2,51,1.1,2000,-19.3,0,0,0
95,-11.5,50,0.7,2000,-19.8,0,0,0
54,-11.6,50,2.2,1995,-19.9,0,0,0
46,-11.6,47,2.1,1982,-20.6,0,0,0
65,-11.6,45,2.8,1951,-21.1,0,0,0
104,-11.8,47,2.5,1973,-20.8,0,0,0
280,-12.1,50,2.3,1929,-20.4,0,0,0
580,-12.3,52,1.3,1914,-20.1,0,0,0
275,-11.8,46,2.9,1956,-21.1,0.1,0,0
184,-10.5,45,3.3,1855,-20.1,0.6,0,0
201,-9.4,42,3.1,1815,-19.9,0.93,0,0
228,-8.3,35,2.9,1967,-21,1.14,0,0
225,-6.9,37,2.4,1955,-19.1,1.22,0,0
258,-5.4,32,2,1930,-19.5,1.12,0,0
250,-5.8,30,2.8,2000,-20.6,0.92,0,0
248,-6,29,2.8,1983,-21.2,0.58,0,0
305,-7,32,2.6,2000,-20.9,0.19,0,0
529,-7.7,36,1,2000,-20.2,0,0,0
350,-8.2,43,1.1,2000,-18.5,0,0,0
260,-8.4,42,1,2000,-19,0,0,0
270,-8.8,43,1.4,1999,-19.1,0,0,0
256,-9,45,1.3,1999,-18.7,0,0,0
173,-9.3,47,2.1,2000,-18.5,0,0,0
168,-9.5,48,1.3,1996,-18.4,0,0,0
183,-10.2,52,1.6,1997,-18.2,0,0,0
120,-10.4,53,1.8,1949,-18.1,0,0,0
79,-10.9,55,1.8,1913,-18.1,0,0,0
41,-11.4,58,1.3,1907,-18,0,0,0
68,-11.5,58,1.1,1923,-18.1,0,0,0
109,-11.9,57,1.1,1974,-18.7,0,0,0
310,-11.7,53,1.6,1998,-19.3,0,0,0
591,-11.4,47,3.3,2000,-20.4,0,0,0
340,-11.1,46,3.4,1981,-20.4,0.1,0,0
202,-9.5,39,2.1,1875,-20.9,0.6,0,0
251,-8.1,35,1.8,1806,-20.9,0.96,0,0
267,-6.5,30,2.9,1945,-21.2,1.17,0,0
251,-5.8,28,2.9,1887,-21.4,1.23,0,0
240,-4.7,27,2.9,1883,-20.8,1.12,0,0
240,-4.9,26,3.1,1887,-21.5,0.89,0,0
278,-4.5,26,2.2,2000,-21.1,0.56,0,0
392,-5.6,29,1.7,2000,-20.8,0.18,0,0
537,-6.6,33,1.1,2000,-20.2,0,0,0
373,-6.6,31,1.6,2000,-20.9,0,0,0
263,-7.6,35,0.8,2000,-20.4,0,0,0
271,-8.3,39,1,2000,-19.8,0,0,0
271,-8.9,39,0.1,2000,-20.3,0,0,0
174,-9.2,44,0.4,1978,-19.2,0,0,0
171,-9.5,50,0.6,1953,-18,0,0,0
170,-9.8,48,0.8,2000,-18.7,0,0,0
107,-10.6,44,0.8,1903,-20.5,0,0,0
80,-10.7,48,0.4,1651,-19.6,0,0,0
52,-11,50,0.8,1718,-19.4,0,0,0
62,-10.8,48,0.8,1648,-19.6,0,0,0
108,-11,55,0.8,1541,-18.2,0,0,0
279,-10.9,57,1.1,1387,-17.7,0,0,0
621,-10.4,54,1.1,1432,-17.9,0.01,0,0
305,-9.4,44,0.5,1680,-19.4,0.13,0,0
189,-7.7,43,0.9,1555,-18.1,0.35,0,0
247,-6.1,38,1,1587,-18.1,0.52,0,0
278,-4.9,34,1.3,1768,-18.3,0.6,0,0
282,-3.8,32,0.9,1827,-18.1,0.52,0,0
294,-2.7,28,0.7,1857,-18.7,0.65,0,0
301,-2.5,29,1.1,1667,-18.1,0.48,0,0
335,-2.4,28,0.9,1878,-18.4,0.35,0,0
382,-2.9,31,0.6,1723,-17.7,0.09,0,0
612,-3.5,35,1.1,1414,-16.7,0,0,0
410,-4.2,40,0.9,1216,-15.8,0,0,0
277,-4.8,43,1.1,1397,-15.4,0,0,0
316,-4.8,45,0.8,1351,-14.9,0,0,0
309,-4.9,44,1.1,1369,-15.3,0,0,0
211,-5.6,53,1.2,1290,-13.6,0,0,0
227,-5.7,53,0.6,1262,-13.7,0,0,0
241,-6.3,57,0.4,1148,-13.4,0,0,0
162,-6.8,58,0.4,1089,-13.6,0,0,0
110,-6.9,56,0.5,1111,-14.2,0,0,0
69,-7.1,59,0.8,1058,-13.7,0,0,0
68,-7.5,64,0.9,989,-13.1,0,0,0
129,-7.4,64,0.7,906,-13,0,0,0
285,-7,63,0.6,865,-12.8,0,0,0
658,-6.6,64,1.1,791,-12.2,0,0,0
330,-5.9,60,0.6,691,-12.4,0.09,0,0
221,-4.6,52,0.8,648,-12.9,0.34,0,0
279,-2.9,46,1,809,-12.9,0.42,0,0
309,-2.5,43,0.7,895,-13.3,0.34,0,0
325,-1.6,40,0.3,868,-13.4,0.32,0,0
329,-0.7,39,0.8,826,-12.9,0.35,0,0
342,0.1,35,1.5,946,-13.5,0.42,0,0
354,0,37,0.6,994,-12.9,0.13,0,0
464,-0.2,39,0.8,1016,-12.5,0,0,0
682,0.1,43,0.9,1485,-11,0,0,0
451,0.6,41,1.2,1550,-11.1,0,0,0
320,0.9,42,1.2,1113,-10.5,0,0,0
300,0.7,47,2.7,1283,-9.3,0,0,0
296,-0.1,49,2,870,-9.5,0,0,0
247,-1.3,60,2.5,792,-8,0,0,0
217,-2.6,73,3.4,787,-6.7,0,0,0
302,-3.4,76,2.9,582,-7,0,0,0
228,-4.1,73,2.1,567,-8.2,0,0,0
129,-4.5,71,1.6,651,-8.9,0,0,0
80,-5,70,2.7,702,-9.6,0,0,0
45,-5.6,72,2,662,-9.8,0,0,0
66,-6.1,69,2.9,765,-10.8,0,0,0
90,-6.7,64,2.1,977,-12.3,0,0,0
190,-7.3,62,2.6,1112,-13.3,0,0,0
195,-7.2,47,2.8,1724,-16.6,0.18,0,0
201,-6.2,42,2.3,1893,-17,0.52,0,0
239,-5.2,30,4,1991,-20.1,0.86,0,0
252,-4.1,28,3.8,1998,-19.9,1.08,0,0
296,-3.7,23,4,1980,-21.8,1.12,0,0
292,-3.4,22,4.3,1966,-22.1,1.07,0,0
291,-3.3,22,5,2000,-22,0.86,0,0
258,-3.3,24,3.5,2000,-21,0.54,0,0
277,-4.6,26,2.6,2000,-21.2,0.17,0,0
212,-5.3,28,3.5,2000,-21,0,0,0
173,-6,32,2.4,2000,-20,0,0,0
143,-6.6,37,3.4,2000,-18.9,0,0,0
159,-7.1,39,3.2,2000,-18.7,0,0,0
155,-7.6,41,1.6,2000,-18.6,0,0,0
142,-8,41,2.2,2000,-18.9,0,0,0
175,-8.1,41,2,2000,-19,0,0,0
146,-8.4,40,1.6,2000,-19.6,0,0,0
132,-8.7,40,2.8,2000,-19.8,0,0,0
100,-9,40,3.1,2000,-20.1,0,0,0
41,-9.5,40,1.9,2000,-20.6,0,0,0
31,-9.7,41,3.1,2000,-20.5,0,0,0
39,-9.9,42,2.3,2000,-20.4,0,0,0
53,-10.2,42,2.3,2000,-20.6,0,0,0
94,-10.7,43,0.9,2000,-20.8,0,0,0
122,-10.5,38,1.1,1950,-22.1,0.19,0,0
142,-8.5,31,1.5,1997,-22.6,0.58,0,0
189,-7.2,29,1.8,1926,-22.2,0.88,0,0
216,-4.9,25,2.6,1966,-21.9,1.08,0,0
223,-4.5,25,3.2,1989,-21.6,1.14,0,0
268,-3.2,26,3.1,1933,-20,1.07,0,0
278,-2.5,28,2,2000,-18.5,0.85,0,0
256,-2.7,31,2.3,2000,-17.5,0.54,0,0
266,-3.8,35,2.4,2000,-17,0.17,0,0
204,-4.7,37,1.8,2000,-17.2,0.01,0,0
157,-5.6,39,1.1,2000,-17.3,0,0,0
166,-6,42,0.8,2000,-16.8,0,0,0
168,-6.5,45,0.7,2000,-16.4,0,0,0
172,-6.6,50,0.6,1990,-15.3,0,0,0
138,-6.9,53,0.7,2000,-14.8,0,0,0
151,-5.9,50,0.6,2000,-14.6,0,0,0
97,-5.3,48,0.4,1664,-14.6,0,0,0
38,-5,65,0.4,990,-10.5,0,0,0.2
32,-5.3,76,1,767,-8.8,0,0.3,0.5
29,-5.4,81,0.7,270,-8.1,0,0,0.7
27,-5.3,81,0.9,923,-8,0,0,0.8
45,-5.2,85,0.9,271,-7.3,0,0.4,1.3
96,-5,85,0.7,186,-7.1,0,0,1.8
146,-4.6,86,1.2,508,-6.5,0,0,2
52,-4.3,89,1,59,-5.8,0,1.6,4
36,-3.7,87,1,541,-5.5,0.03,0,4.8
44,-2.9,85,1.2,243,-5,0.06,0,4.8
62,-1.8,83,1.2,351,-4.3,0.09,1.1,5.1
76,-0.9,84,1.2,333,-3.2,0.09,0,5
116,0.5,76,0.9,364,-3.2,0.17,0,4.2
137,1.6,73,0.9,421,-2.7,0.6,0,3.2
181,1.8,76,0.8,410,-1.9,0.47,0,2.7
175,0.4,84,0.8,317,-1.9,0.15,0,2.7
281,0,88,0.6,277,-1.7,0,0,2.7
198,1.3,65,1.1,1122,-4.5,0,0,2.7
165,3.3,65,3.2,1172,-2.6,0,0,2.7
148,2.8,73,2.4,831,-1.5,0,0,2.6
160,1.5,82,2.4,537,-1.2,0,0,2.6
128,0.1,81,2.9,551,-2.7,0,0,2.6
122,-1,73,2.3,881,-5.2,0,0,2.6
122,-2,72,0.8,979,-6.3,0,0,2.6
93,-2.7,72,0.9,990,-7,0,0,2.6
55,-2.8,58,1.6,1315,-9.9,0,0,2.6
39,-2.9,59,1.8,1286,-9.8,0,0,2.6
55,-3.9,66,0.7,1209,-9.3,0,0,2.6
78,-4.3,70,1.6,1169,-8.9,0,0,2.6
165,-4.4,64,2.8,1367,-10.1,0,0,2.6
390,-5.2,58,2.2,1594,-12.1,0,0,2.5
199,-5.3,48,2.6,1810,-14.6,0.18,0,2.5
151,-4.6,41,2.8,1815,-15.8,0.57,0,2.5
174,-3.5,35,2.2,1742,-16.7,0.87,0,2.5
191,-2.5,31,2.6,1778,-17.3,1.08,0,2.3
189,-2.2,25,3.2,1970,-19.6,1.17,0,2.2
178,-2.2,23,3.7,1971,-20.5,1.09,0,2.2
195,-1.3,26,3,2000,-18.3,0.91,0,2.1
211,-1.8,31,3.1,1993,-16.7,0.56,0,2
256,-2.7,35,1.8,2000,-16,0.18,0,2
384,-3.8,42,3.3,2000,-14.8,0,0,2
276,-4.5,51,2,2000,-13.1,0,0,2
225,-4.9,55,2,2000,-12.5,0,0,2
224,-5,57,1.9,2000,-12.2,0,0,2
213,-5.5,56,1.5,2000,-12.9,0,0,2
149,-5.8,57,1.7,2000,-12.9,0,0,2
142,-6.5,63,1.5,1666,-12.3,0,0,2
172,-7.3,67,1.1,1593,-12.3,0,0,2
108,-7.8,68,0.9,1642,-12.6,0,0,2
71,-8.1,70,1.3,1557,-12.6,0,0,2
38,-8.5,73,1,1723,-12.4,0,0,2
56,-8.3,67,0.9,1566,-13.3,0,0,2
97,-8.2,66,0.9,1718,-13.4,0,0,2
213,-8.1,67,0.9,1737,-13.1,0,0,2
466,-7.8,65,1.1,1738,-13.2,0,0,2
239,-6.7,62,1.1,1749,-12.7,0.09,0,2
162,-5.4,56,1.1,1751,-12.8,0.28,0,2
204,-4.2,51,1.1,1772,-12.8,0.4,0,1.9
209,-3.2,49,1.3,1723,-12.4,0.53,0,1.9
228,-1.3,43,1,1777,-12.3,0.8,0,1.7
243,-0.5,44,1,1793,-11.2,0.71,0,1.7
240,-0.2,45,1,1852,-10.7,0.41,0,1.6
225,-0.5,48,1.1,1722,-10.1,0.12,0,1.6
237,-0.9,70,1.1,299,-5.6,0.02,0,2.2
329,-1.4,79,1.6,702,-4.5,0,0.1,2.2
190,-1.5,81,1.8,751,-4.3,0,0,2.2
165,-1.9,86,0.9,700,-3.9,0,0,2.4
197,-2,83,1.2,904,-4.5,0,0.1,2.4
184,-1.6,82,0.4,929,-4.2,0,0,2.3
153,-1.1,87,1.4,349,-2.9,0,0,2.2
166,-1.3,90,2,259,-2.7,0,0,2.2
189,-1.8,90,1.6,263,-3.2,0,0,2.2
132,-2.2,88,1.4,348,-3.9,0,0,2.2
79,-2.9,89,1.3,288,-4.4,0,0,2.2
58,-3.6,91,1.2,241,-4.8,0,0,2.2
49,-4.3,91,1.5,233,-5.5,0,0,2.2
84,-4.8,91,1.1,266,-6,0,0,2.2
178,-5.3,90,1.1,311,-6.6,0,0,2.2
423,-5.6,89,0.9,371,-7.1,0,0,2.2
265,-5.3,88,0.4,463,-6.9,0.21,0,2.2
169,-3,71,0.7,608,-7.5,0.67,0,2.1
243,-0.7,62,0.7,519,-7,0.77,0,2
290,1.9,40,2,1835,-10.3,1.04,0,1.9
285,3.2,42,1.8,1349,-8.5,1.08,0,1.8
255,4.3,47,2.3,953,-6,0.96,0,1.6
316,4.4,46,1.4,1113,-6.2,0.78,0,1
301,4.1,51,1.8,1112,-5.1,0.48,0,0.9
366,2.9,60,1.3,1193,-4.1,0.16,0,0.8
531,1.7,64,1.3,1140,-4.3,0,0,0.8
355,0.8,71,0.9,923,-3.8,0,0,0.8
288,0.2,72,0.7,990,-4.2,0,0,0.8
248,-0.4,74,0.6,1065,-4.4,0,0,0.8
252,-1.1,78,0.6,865,-4.4,0,0,0.8
212,-1.5,79,0.6,821,-4.6,0,0,0.8
196,-1.7,79,0.5,794,-4.8,0,0,0.8
250,-1.6,79,0.6,784,-4.7,0,0,0.8
161,-1.1,79,0.7,736,-4.2,0,0,0.8
99,-0.6,76,0.5,789,-4.3,0,0,0.7
64,-0.3,76,0.9,760,-4,0,0,0.7
76,-0.2,73,0.8,880,-4.4,0,0,0.7
114,-0.1,71,0.8,895,-4.7,0,0,0.7
283,-0.3,72,0.7,919,-4.7,0,0,0.7
544,-0.4,69,0.5,904,-5.4,0,0,0.7
298,0.3,67,0.7,897,-5.1,0.03,0,0.6
248,1.4,64,1,897,-4.6,0.25,0,0.5
278,3.1,57,0.8,804,-4.6,0.63,0,0
301,4.5,56,0.8,836,-3.5,0.71,0,0
320,5.4,55,1.2,820,-2.9,0.66,0,0
326,5.9,55,0.6,779,-2.4,0.48,0,0
386,6.5,55,0.9,801,-1.9,0.38,0,0
416,6,58,0.7,732,-1.6,0.19,0,0
477,5.4,61,1.3,691,-1.5,0.08,0,0
671,4.9,63,0.6,677,-1.5,0,0,0
481,5.2,64,0.7,691,-1,0,0,0
323,5.9,67,1.3,779,0.2,0,0,0
309,6.1,70,2.2,763,1,0,0,0
314,6.1,70,2.7,806,1,0,0,0
249,5.8,74,2.5,832,1.5,0,0,0
282,5.8,75,1.9,788,1.7,0,0,0
337,5.7,75,1.7,706,1.6,0,0,0
312,5.6,76,1.6,641,1.6,0,0,0
230,5.4,77,1.6,583,1.6,0,0,0
120,5.3,79,0.9,506,1.9,0,0,0
59,5,81,1.2,425,2,0,0,0
63,5.1,81,1.3,375,2.1,0,0,0
99,5.1,82,0.7,334,2.2,0,0,0
188,5.1,83,0.9,297,2.4,0,0,0
239,5.2,84,0.7,226,2.7,0.03,0,0
235,5.4,82,1.2,215,2.5,0.13,0,0
282,5.7,81,1.1,192,2.6,0.18,0,0
325,7,72,1.9,246,2.2,0.64,0,0
423,7.7,68,1,249,2.1,0.58,0,0
405,8.6,63,1.6,263,1.9,0.72,0,0
443,8.6,64,1.5,269,2.1,0.57,0,0
473,8.2,64,1,281,1.7,0.32,0,0
453,7.7,67,0.9,264,1.9,0.11,0,0
340,6.6,73,0.4,229,2,0,0,0
260,6,76,1.1,219,2,0,0,0
258,5.9,75,1.5,222,1.7,0,0,0
279,5.6,77,0.9,212,1.8,0,0,0
282,5.3,79,0.6,200,1.9,0,0,0
237,5.5,80,0.6,185,2.3,0,0,0
266,5.6,78,0.6,196,2,0,0,0
251,5.6,78,0.5,197,2,0,0,0
196,5.4,80,0.9,190,2.2,0,0,0
149,5.2,82,0.8,190,2.3,0,0,0
79,5.2,82,0.7,189,2.3,0,0,0
44,5.1,82,0.6,185,2.2,0,0,0
12,4.9,84,1.3,159,2.4,0,0.1,0
3,4.7,89,1.1,100,3,0,0,0
4,4.6,91,1.7,95,3.2,0,0,0
3,4.6,94,0.9,90,3.7,0,6.4,0
4,4.8,96,0.6,87,4.2,0.04,0,0
9,4.6,95,0.8,156,3.8,0.05,0,0
4,4.1,91,0.8,404,2.7,0.07,9.5,0
7,3.7,90,0.7,744,2.2,0.15,0,0
28,3.3,90,2.5,561,1.8,0.19,0,0
38,2.9,90,2,380,1.4,0.08,3.5,0
54,2.3,91,3.3,270,0.9,0.07,0,0
104,2.2,86,2.6,605,0,0.04,0,0
128,1.9,82,4.3,699,-0.8,0.01,0.5,0
132,1.1,68,4.4,695,-4.1,0,0,0
116,0.6,67,3.3,506,-4.8,0,0,0
145,0.4,69,3.5,477,-4.6,0,0,0
110,0.2,69,2.7,565,-4.8,0,0,0
128,0,63,3.2,884,-6.2,0,0,0
160,-0.6,64,2.4,1010,-6.5,0,0,0
132,-1.2,57,4.3,1429,-8.6,0,0,0
115,-1.8,53,4.1,1825,-10.1,0,0,0
100,-2.3,52,3.4,1947,-10.8,0,0,0
72,-3,51,3.2,2000,-11.7,0,0,0
32,-3.7,51,2.6,2000,-12.3,0,0,0
59,-4.1,50,3,2000,-13,0,0,0
61,-4.6,46,2.8,2000,-14.4,0,0,0
94,-4.9,44,3,2000,-15.3,0,0,0
107,-4.6,40,3.5,2000,-16.1,0.18,0,0
133,-3.7,35,3.7,1937,-16.9,0.57,0,0
179,-2.8,35,2.9,1984,-16.1,0.87,0,0
221,-1.6,33,2.5,1874,-15.8,1.18,0,0
244,-1.5,33,3.8,2000,-15.7,1.18,0,0
274,-0.4,31,2,2000,-15.5,1.1,0,0
319,0.4,28,2.5,2000,-16,0.9,0,0
272,0.4,27,2,2000,-16.4,0.58,0,0
260,-0.7,29,2,2000,-16.5,0.21,0,0
237,-1.6,33,2,2000,-15.8,0,0,0
184,-1.8,41,2.1,2000,-13.3,0,0,0
181,-2.1,49,1.7,2000,-11.4,0,0,0
185,-1.7,51,1.7,2000,-10.5,0,0,0
176,-1.3,53,1.7,2000,-9.6,0,0,0
169,-1,55,1.9,2000,-8.9,0,0,0
178,-1.4,58,1,1880,-8.6,0,0,0
127,-1.5,62,1.3,2000,-7.8,0,0,0
85,-2.1,69,1,1995,-7,0,0,0
72,-2.6,70,1,1992,-7.3,0,0,0
49,-2.6,72,1.4,1929,-6.9,0,0,0
65,-2.9,77,0.8,1833,-6.3,0,0,0
120,-2.8,73,0.7,1906,-6.9,0,0,0
296,-2.9,73,1.9,1911,-7,0,0,0
578,-2.7,68,2.2,1919,-7.7,0,0,0
293,-2.8,52,2.9,1895,-11.3,0.16,0,0
180,-2.2,36,4.1,1930,-15.2,0.53,0,0
250,-2.1,28,4.9,1887,-18.2,0.87,0,0
262,-1.3,23,4,2000,-19.8,1.09,0,0
262,-2,15,4.7,1970,-25.2,1.18,0,0
271,-1.6,20,4.3,2000,-21.6,1.11,0,0
246,-1.9,17,5,2000,-23.7,0.93,0,0
282,-1.9,17,3.3,2000,-23.7,0.61,0,0
350,-3.6,20,3.7,2000,-23.3,0.23,0,0
481,-4.7,23,3.4,2000,-22.7,0.01,0,0
317,-5.4,27,3,2000,-21.5,0,0,0
252,-6.1,32,4.7,2000,-20.1,0,0,0
220,-6.6,39,3.2,2000,-18.2,0,0,0
213,-7.2,38,3.1,2000,-19.1,0,0,0
156,-7.5,37,3.1,2000,-19.7,0,0,0
133,-7.9,37,2.2,2000,-20,0,0,0
142,-8.2,39,1.8,2000,-19.7,0,0,0
93,-8.6,37,1.5,2000,-20.7,0,0,0
81,-9.1,37,1,2000,-21.1,0,0,0
55,-9.1,33,2.3,2000,-22.4,0,0,0
66,-9.4,36,1.9,2000,-21.7,0,0,0
105,-9.8,37,1.7,2000,-21.7,0,0,0
262,-10.1,38,2.3,2000,-21.7,0,0,0
502,-10.2,35,1.8,2000,-22.7,0,0,0
279,-9.8,33,2,1997,-23,0.17,0,0
146,-8.5,29,2.4,1992,-23.4,0.56,0,0
213,-6.8,28,2.1,1986,-22.3,0.88,0,0
230,-5.5,21,2.1,1941,-24.4,1.08,0,0
258,-4.7,18,3.7,2000,-25.4,1.16,0,0
231,-4,18,2.4,2000,-24.8,1.09,0,0
228,-3.1,16,2.2,2000,-25.4,0.9,0,0
269,-3.2,23,2.7,2000,-21.4,0.57,0,0
314,-4.2,26,2.2,2000,-20.8,0.2,0,0
466,-5.2,32,2.2,2000,-19.3,0,0,0
315,-5.5,31,2.1,2000,-19.9,0,0,0
262,-5.9,34,0.9,2000,-19.2,0,0,0
242,-6.4,34,1.2,2000,-19.7,0,0,0
243,-6.4,36,1.3,2000,-19,0,0,0
216,-6.3,39,0.9,2000,-18,0,0,0
164,-6.5,41,1.7,2000,-17.6,0,0,0
169,-6.6,39,1.4,2000,-18.2,0,0,0
163,-6.6,34,1.8,2000,-19.8,0,0,0
86,-6,32,2.5,2000,-20,0,0,0
50,-5.8,32,1.6,2000,-19.8,0,0,0
61,-5.7,28,1.2,2000,-21.3,0,0,0
103,-5.5,24,0.5,2000,-22.9,0,0,0
257,-5,31,0.5,2000,-19.5,0,0,0
554,-4.7,30,0.6,2000,-19.6,0,0,0
326,-4.3,38,0.7,1877,-16.5,0.04,0,0
225,-3.4,33,1.3,1863,-17.4,0.33,0,0
288,-2.1,34,1,1868,-15.8,0.65,0,0
286,-0.8,38,1,1686,-13.3,0.75,0,0
301,0.8,46,1.4,1598,-9.5,0.8,0,0
311,0.8,55,1.8,1132,-7.2,0.59,0,0
303,0.4,57,2.4,1179,-7.1,0.36,0,0
390,0.3,57,2.3,1204,-7.2,0.19,0,0
407,0.2,58,2,1159,-7.1,0.08,0,0
552,-0.6,62,1.6,1129,-6.9,0,0,0
402,-0.4,62,0.9,1103,-6.8,0,0,0
319,-0.3,62,1.3,1040,-6.7,0,0,0
332,-0.2,62,0.6,986,-6.6,0,0,0
285,0,63,1.3,968,-6.2,0,0,0
260,0.1,63,1.1,1003,-6.1,0,0,0
233,0.2,63,0.7,925,-6,0,0,0
269,0.3,63,0.7,760,-5.9,0,0,0
210,0.5,63,1,691,-5.7,0,0,0
135,0.6,64,0.4,731,-5.4,0,0,0
85,0.6,65,0.4,712,-5.2,0,0,0
67,0.7,66,0.7,687,-4.9,0,0,0
128,0.8,68,0.6,673,-4.4,0,0,0
289,0.9,67,0.6,658,-4.5,0,0,0
636,1,68,0.6,624,-4.2,0,0,0
353,1.2,67,0.2,591,-4.2,0.06,0,0
252,1.9,65,0.3,562,-3.9,0.17,0,0
317,3.1,62,1.1,517,-3.4,0.29,0,0
363,4.3,62,1.6,472,-2.3,0.52,0,0
370,5.2,58,2.5,435,-2.4,0.81,0,0
419,5.7,54,3.5,418,-2.9,0.83,0,0
426,5.7,53,2.7,408,-3.1,0.65,0,0
504,5.4,56,2.2,396,-2.6,0.39,0,0
534,4.5,59,1.6,384,-2.8,0.14,0,0
574,3.6,62,1.4,389,-3,0.01,0,0
395,2.7,68,1.2,348,-2.6,0,0,0
292,1.7,73,0.5,332,-2.6,0,0,0
282,1,77,1.5,297,-2.5,0,0,0
294,0.8,77,1.4,293,-2.7,0,0,0
236,0.3,80,0.8,264,-2.7,0,0,0
240,-0.4,83,1.2,247,-2.9,0,0,0
234,-0.5,83,0.7,244,-3,0,0,0
192,-0.9,84,0.6,230,-3.2,0,0,0
127,-1.1,83,0.8,237,-3.6,0,0,0
86,-1.1,83,0.7,242,-3.6,0,0,0
52,-1.2,81,0.8,258,-4,0,0,0
62,-1.1,81,1,253,-3.9,0,0,0
88,-0.7,79,0.7,259,-3.8,0,0,0
162,-0.4,78,0.5,249,-3.7,0,0,0
224,0.2,76,1.3,249,-3.5,0.03,0,0
208,0.8,73,0.5,248,-3.4,0.15,0,0
237,2,69,1,257,-3.1,0.32,0,0
274,3.2,64,0.8,258,-2.9,0.47,0,0
333,4,62,1,256,-2.6,0.51,0,0
356,4.3,60,1.2,272,-2.7,0.4,0,0
337,4.3,61,0.7,274,-2.5,0.23,0,0
345,4.1,63,0.7,263,-2.3,0.13,0,0
183,3.8,64,0.9,250,-2.3,0.01,0,0
45,3,84,1.7,137,0.5,0,0.3,0
40,2.3,89,0.6,96,0.6,0,0,0
66,1.9,90,0.9,88,0.4,0,0,0
64,1.8,92,1.1,109,0.6,0,0.2,0
30,1.8,92,1.2,94,0.6,0,0,0
42,1.4,92,1.9,73,0.2,0,0,0
43,0.9,95,1.8,63,0.1,0,0.2,0.2
43,0.5,95,2.1,79,-0.2,0,0,0.6
65,0.4,95,1.7,110,-0.3,0,0,1.2
65,0.3,91,2,172,-1,0,1,1.2
32,-0.2,87,3.5,246,-2.1,0,0,1.2
22,-0.8,85,2.8,329,-3,0,0,1.2
25,-1.3,84,2.4,425,-3.6,0,0,1.2
39,-1.8,86,1.7,367,-3.8,0,0,1.2
84,-2.1,86,1.4,354,-4.1,0,0,1.2
103,-1.9,82,1.6,410,-4.5,0.15,0,1.2
110,-0.5,73,1.7,609,-4.7,0.53,0,1.1
142,0.8,62,2.8,801,-5.6,0.88,0,1.1
209,1.4,47,4.5,1388,-8.7,1.1,0,1
267,2.5,36,3.7,1578,-11,1.15,0,0.7
262,3,28,3.8,1956,-13.7,1.1,0,0
300,3.1,25,3.9,2000,-15,0.9,0,0
272,2.7,26,2.7,2000,-14.9,0.59,0,0
240,1.7,30,2.9,2000,-14,0.22,0,0
215,0.7,31,2.3,2000,-14.5,0.01,0,0
163,0,31,2.2,2000,-15.1,0,0,0
161,-1,32,0.9,2000,-15.6,0,0,0
179,-1.6,35,1,2000,-15.1,0,0,0
155,-2.1,36,1.7,2000,-15.2,0,0,0
227,-2.6,40,0.6,2000,-14.3,0,0,0
206,-3.2,40,0.5,1358,-14.9,0,0,0
230,-3.3,41,0.7,2000,-14.7,0,0,0
178,-3.7,42,0.9,2000,-14.7,0,0,0
119,-4,44,1,2000,-14.4,0,0,0
62,-4.2,53,1.1,1994,-12.3,0,0,0
61,-4.4,54,0.8,1786,-12.3,0,0,0
65,-4.5,51,1.1,2000,-13.1,0,0,0
81,-4.7,56,1.1,2000,-12.1,0,0,0
89,-5,55,1,2000,-12.6,0,0,0
121,-4.3,39,0.7,1973,-16.2,0.15,0,0
139,-1.6,32,0.8,1766,-16.1,0.53,0,0
169,0.1,27,2.2,1874,-16.7,0.84,0,0
225,1.5,20,2.8,1992,-19,1.03,0,0
248,2.4,22,2.3,1921,-17.2,1.1,0,0
298,3.7,24,2.1,1906,-15,1.01,0,0
344,3,27,2.9,1715,-14.2,0.78,0,0
310,3,28,2.5,1864,-13.7,0.51,0,0
271,1.8,33,3.3,1913,-12.8,0.18,0,0
218,0.8,34,1.9,1887,-13.3,0.01,0,0
125,-0.1,39,1.3,1911,-12.4,0,0,0
206,-0.3,40,1.2,1936,-12.2,0,0,0
203,-0.9,44,1.2,1871,-11.6,0,0,0
168,-1.3,48,0.8,1927,-10.9,0,0,0
154,-1.6,51,0.7,1882,-10.4,0,0,0
148,-1.8,54,1.1,1772,-9.8,0,0,0
108,-2.1,56,0.8,1732,-9.7,0,0,0
69,-2.3,62,0.9,1560,-8.6,0,0,0
41,-2.5,62,0.4,1626,-8.7,0,0,0
31,-2.7,67,0.5,1302,-7.9,0,0,0
58,-3.1,67,0.6,1384,-8.3,0,0,0
139,-3.2,67,0.4,1409,-8.4,0,0,0
344,-3.2,69,0.5,1249,-8,0,0,0
655,-3.4,71,0.8,1179,-7.9,0,0,0
315,-3.1,66,0.2,1168,-8.5,0.12,0,0
208,-1.4,50,1.9,1355,-10.5,0.38,0,0
269,-0.4,40,2.3,1633,-12.3,0.66,0,0
293,0.9,29,1.9,1761,-15.1,0.88,0,0
273,1.5,23,3.6,1970,-17.4,0.95,0,0
302,1.7,20,4.4,1995,-18.9,0.91,0,0
295,1.5,22,3,1998,-17.9,0.76,0,0
320,1.3,23,2.9,2000,-17.6,0.51,0,0
373,0.3,27,2.6,2000,-16.5,0.18,0,0
675,-0.8,24,2.3,2000,-18.9,0.01,0,0
403,-1.3,28,2.4,2000,-17.5,0,0,0
364,-1.9,26,2.2,2000,-18.9,0,0,0
304,-2.6,28,2,2000,-18.6,0,0,0
273,-3.4,33,2.4,2000,-17.4,0,0,0
186,-3.8,35,2.3,2000,-17,0,0,0
160,-4.3,38,1.4,2000,-16.5,0,0,0
130,-5,42,1.2,1993,-15.9,0,0,0
110,-5.5,43,2,2000,-16.1,0,0,0
67,-6.1,45,1.3,1999,-16.1,0,0,0
43,-6.1,45,2.3,2000,-16.1,0,0,0
67,-6.4,47,2.4,1981,-15.8,0,0,0
137,-6.7,48,2.4,1991,-15.9,0,0,0
308,-6.9,48,2.4,1974,-16,0,0,0
670,-7,49,1.5,1971,-15.9,0,0,0
342,-6.8,44,1.7,1858,-17,0.16,0,0
213,-5.6,38,2.9,1752,-17.6,0.55,0,0
267,-4.5,36,3.2,1736,-17.3,0.77,0,0
297,-3.4,32,3.1,1706,-17.7,1.02,0,0
279,-2.2,31,2.3,1910,-17,1.13,0,0
270,-1.5,30,2.8,1903,-16.8,1.1,0,0
286,-1.1,29,2.8,1976,-16.9,0.96,0,0
299,-0.4,30,2,2000,-15.9,0.62,0,0
382,-1.9,35,1.8,2000,-15.3,0.25,0,0
637,-3.1,39,2.1,2000,-15.1,0,0,0
431,-3.7,41,2,2000,-15,0,0,0
294,-3.9,44,2.5,2000,-14.3,0,0,0
335,-4.3,47,2.8,1997,-13.9,0,0,0
291,-5.2,53,1.3,1969,-13.3,0,0,0
197,-5.9,54,0.8,1968,-13.7,0,0,0
159,-6.3,54,1.4,1990,-14.1,0,0,0
150,-6.9,56,2.3,1994,-14.2,0,0,0
123,-7.3,57,2,1978,-14.3,0,0,0
57,-7.4,54,1.7,1968,-15.1,0,0,0
38,-7.5,55,1.3,1984,-15,0,0,0
66,-7.6,49,1.3,2000,-16.4,0,0,0
120,-7.6,47,2.3,2000,-16.9,0,0,0
302,-8.1,51,0.5,1987,-16.4,0,0,0
646,-8.6,55,0.6,1984,-16,0,0,0
340,-7.9,48,1.2,1926,-17,0.14,0,0
197,-6.4,43,1,1872,-16.9,0.43,0,0
264,-4.4,40,0.8,1671,-16,0.69,0,0
290,-2.9,33,0.9,1813,-16.9,0.92,0,0
284,-2,32,1,1864,-16.5,0.91,0,0
262,-0.8,32,1.4,1846,-15.4,0.78,0,0
281,-1.2,31,0.8,1732,-16.2,0.47,0,0
309,-1.4,34,1.8,1719,-15.2,0.3,0,0
397,-2.1,37,1.4,1591,-14.8,0.09,0,0
603,-2.6,38,1.4,1604,-14.9,0,0,0
417,-2.7,39,1.4,1616,-14.7,0,0,0
311,-2.8,39,1.7,1702,-14.8,0,0,0
310,-3.1,41,2,1742,-14.5,0,0,0
306,-3.6,46,1.3,1689,-13.5,0,0,0
221,-4,48,1.5,1536,-13.4,0,0,0
202,-4.7,52,1.8,1611,-13,0,0,0
170,-5.1,51,1.5,1550,-13.6,0,0,0
118,-5.3,52,1.6,1481,-13.6,0,0,0
67,-5.5,56,1.1,1453,-12.9,0,0,0
47,-5.1,55,1.7,1266,-12.7,0,0,0
75,-5.1,55,1.5,1452,-12.7,0,0,0
123,-5.1,54,1.3,1346,-12.9,0,0,0
327,-5.3,53,1.1,1300,-13.4,0,0,0
665,-5.3,51,1,1319,-13.8,0,0,0
354,-4.7,49,1.2,1550,-13.8,0.12,0,0
232,-3.3,50,1.3,1407,-12.2,0.4,0,0
308,-0.7,45,1.5,1429,-11.1,0.76,0,0
362,-0.3,45,2.2,1066,-10.8,1.01,0,0
312,0.9,43,2,1112,-10.2,0.98,0,0
343,1.4,41,2,1003,-10.4,0.99,0,0
333,1.5,34,2.8,1776,-12.6,0.84,0,0
329,1,34,2.9,2000,-13.1,0.61,0,0
446,-0.6,45,3.3,1827,-11,0.24,0,0
635,-1.8,44,2.2,1709,-12.4,0.01,0,0
443,-2.5,49,0.6,1436,-11.7,0,0,0
322,-3.4,51,1.1,1391,-12.1,0,0,0
284,-3.5,53,0.9,1353,-11.7,0,0,0
281,-3.8,53,1.3,1300,-12,0,0,0
189,-3.6,50,1.9,1284,-12.5,0,0,0
184,-4.3,52,1.6,1247,-12.7,0,0,0
222,-4.8,54,1.2,1219,-12.7,0,0,0
176,-5.5,56,1.4,1285,-12.9,0,0,0
103,-5.6,56,1,1367,-13,0,0,0
61,-5.9,61,1.1,1260,-12.2,0,0,0
48,-6.1,64,1,1231,-11.8,0,0,0
69,-6.5,67,0.7,1175,-11.6,0,0,0
105,-6.6,65,1,1320,-12,0,0,0
186,-6.5,62,1.1,1503,-12.5,0,0,0
221,-5.8,49,1.4,1728,-14.8,0.16,0,0
204,-3.5,39,2,1946,-15.4,0.54,0,0
245,-1.6,35,2.1,1812,-15.1,0.87,0,0
283,0,35,2.3,1672,-13.6,1.07,0,0
356,0.9,28,2.4,1895,-15.6,1.18,0,0
370,1.8,29,2,1693,-14.3,1.14,0,0
373,2.3,27,2.2,1877,-14.8,0.92,0,0
352,2.7,27,2.2,1811,-14.4,0.64,0,0
354,1.1,31,1.7,1989,-14.1,0.26,0,0
271,-0.6,37,1.6,1797,-13.5,0.01,0,0
207,-1.2,37,1.2,1663,-14,0,0,0
189,-2.1,41,1.1,1578,-13.6,0,0,0
214,-2.5,47,0.8,1495,-12.2,0,0,0
218,-2.6,47,1.6,1492,-12.3,0,0,0
169,-3.2,50,0.8,1429,-12.1,0,0,0
192,-3.8,48,0.7,1574,-13.2,0,0,0
162,-3.9,51,0.2,1535,-12.5,0,0,0
128,-4.4,53,0.3,1594,-12.5,0,0,0
102,-4.8,56,0.6,1505,-12.2,0,0,0
62,-5.1,60,0.7,1377,-11.6,0,0,0
40,-5.6,58,0.7,1350,-12.5,0,0,0
38,-5.5,52,0.7,1503,-13.8,0,0,0
60,-5.6,58,0.9,1368,-12.5,0,0,0
122,-5.3,53,1.1,1411,-13.4,0,0,0
143,-3.8,49,1.6,1371,-12.9,0.18,0,0
179,-1.8,40,1.8,1555,-13.6,0.48,0,0
214,0.5,35,1.4,1558,-13.2,0.75,0,0
278,1.1,34,0.9,1455,-13,0.6,0,0
265,1.4,34,0.8,1394,-12.7,0.5,0,0
331,1.9,32,0.7,1368,-13,0.41,0,0
368,2.7,31,0.9,1603,-12.7,0.43,0,0
333,2.6,32,1,1381,-12.4,0.27,0,0
349,2.3,33,0.2,1515,-12.3,0.13,0,0
270,1.8,34,1.2,1518,-12.4,0,0,0
246,1.6,35,1,1419,-12.2,0,0,0
233,1.3,38,0.4,1386,-11.4,0,0,0
236,1.2,39,0.6,1378,-11.2,0,0,0
214,1.1,40,0.5,1305,-11,0,0,0
149,1.1,39,0.6,1422,-11.3,0,0,0
149,0.9,42,1.1,1271,-10.5,0,0,0
109,0.9,42,0.2,1333,-10.5,0,0,0
77,0.8,42,0.5,1275,-10.6,0,0,0
53,0.9,43,0.4,1261,-10.2,0,0,0
46,1,43,0.8,1253,-10.2,0,0,0
67,0.8,42,1,1394,-10.6,0,0,0
159,0.8,45,0.7,1268,-9.8,0,0,0
374,0.7,44,0.8,1357,-10.1,0,0,0
701,0.7,45,0.7,1339,-9.9,0,0,0
387,0.8,47,0.9,1070,-9.2,0.05,0,0
253,1.3,43,0.8,971,-9.9,0.16,0,0
278,1.7,37,0.6,1062,-11.4,0.23,0,0
356,2.7,33,2.7,1281,-12,0.6,0,0
303,3,32,1.6,1518,-12.1,0.38,0,0
349,3.4,31,1.4,1267,-12.1,0.36,0,0
318,3.9,33,1.8,1293,-10.9,0.39,0,0
353,3.5,36,1.7,1702,-10.2,0.16,0,0
385,2.7,50,2.8,1957,-6.7,0.06,0,0
316,1.5,70,2.5,638,-3.3,0,0,0
127,0.9,88,1.6,290,-0.8,0,0,0.5
144,1,89,1.9,407,-0.6,0,0,1
146,0.7,77,6.7,692,-2.8,0,0.9,1
149,0.1,68,4.6,740,-5.1,0,0,1
112,-0.6,62,4.2,936,-6.9,0,0,1
100,-1.2,67,4.6,983,-6.5,0,0,1
107,-1.9,69,5,791,-6.8,0,0,1
75,-2.9,66,3.3,1515,-8.3,0,0,1
52,-3.4,67,3.2,1420,-8.6,0,0,0.9
38,-4.3,59,4.4,1451,-11.1,0,0,0.9
52,-5.1,48,3.2,1821,-14.4,0,0,0.9
126,-5.6,52,3.7,1785,-13.9,0,0,0.9
245,-5.9,57,3.1,1686,-13,0,0,0.8
554,-6,64,3.2,1384,-11.7,0,0,0.7
320,-6,61,2.5,1547,-12.3,0.13,0,0.6
190,-4.8,57,3,1559,-12,0.47,0,0.5
247,-3.9,51,4.5,1746,-12.5,0.73,0,0.5
262,-2.7,45,2.4,1707,-13,1.05,0,0.4
265,-2.6,45,4,1663,-12.9,1.11,0,0.3
265,-1.8,45,3.7,1922,-12.1,1.06,0,0.2
257,-2.4,51,4.6,1458,-11.1,0.46,0,0
262,-2.4,56,3.3,1541,-9.9,0.35,0,0
332,-2.9,66,3.6,743,-8.3,0.23,0,0
558,-3.8,58,1.7,1996,-10.8,0.01,0,0
364,-4.5,57,0.6,2000,-11.7,0,0,0
302,-4.9,59,0.6,1992,-11.6,0,0,0
281,-4.8,59,0.9,2000,-11.6,0,0,0
166,-4.2,67,1.6,503,-9.4,0,0,0
80,-4.9,80,0.7,690,-7.8,0,0,0.2
61,-5.2,82,0.8,152,-7.7,0,0.5,0.5
78,-5.6,75,1.7,1982,-9.3,0,0,0.8
63,-5.7,72,1.2,1925,-9.9,0,0,0.8
40,-6.1,70,1.1,2000,-10.6,0,0.3,0.8
31,-6.6,72,2.2,2000,-10.8,0,0,0.8
39,-7.3,75,1.6,2000,-10.9,0,0,0.8
84,-7.7,74,1.1,2000,-11.5,0,0,0.8
158,-8,70,1.8,2000,-12.5,0,0,0.7
387,-7.9,67,2.6,1896,-12.9,0,0,0.7
225,-7.7,62,3.6,1637,-13.7,0.13,0,0.7
150,-6.9,53,3.2,1576,-14.8,0.52,0,0.6
168,-6.4,49,4.5,1759,-15.3,0.86,0,0.5
217,-5.6,44,4.5,1830,-15.9,1.1,0,0.5
207,-5.1,43,4.7,1901,-15.7,1.18,0,0.4
177,-5.3,37,5.3,2000,-17.7,1.05,0,0.3
193,-5.3,33,4.8,2000,-19,0.99,0,0.3
196,-5.4,30,3.9,2000,-20.2,0.69,0,0.2
266,-6.5,34,4,2000,-19.8,0.31,0,0
437,-7.8,32,4.5,2000,-21.6,0.02,0,0
259,-8.5,35,2.9,2000,-21.2,0,0,0
207,-8.9,41,2.3,2000,-19.7,0,0,0
214,-9.4,47,2,2000,-18.6,0,0,0
165,-9.7,51,2.8,2000,-17.9,0,0,0
139,-10.2,53,3.3,1997,-17.9,0,0,0
98,-10.3,54,2.4,1988,-17.8,0,0,0
100,-10.6,55,2.9,1987,-17.9,0,0,0
89,-10.9,57,2.7,1900,-17.7,0,0,0
38,-11.2,59,2.9,1872,-17.6,0,0,0
33,-11.5,57,2.3,1899,-18.3,0,0,0
42,-11.9,61,1.8,1759,-17.9,0,0,0
82,-12,61,2.3,1709,-18,0,0,0
203,-12.3,59,2.3,1738,-18.6,0,0,0
443,-12.6,61,1.6,1610,-18.5,0,0,0
227,-12,53,2.6,1781,-19.6,0.16,0,0
152,-11.1,46,3.7,1638,-20.4,0.48,0,0
146,-10.2,41,3.5,1629,-20.9,0.84,0,0
187,-8.6,40,2.6,1700,-19.8,1.11,0,0
178,-8.6,41,3.4,1593,-19.5,1.2,0,0
187,-7.4,38,3.3,1718,-19.3,1.15,0,0
181,-8.3,42,3.8,1745,-18.9,0.93,0,0
